sm_id,location,provterr,latitude,longitude,latgroup,year,month,day,TotalDuration_s,DurationRec1_s,DurationRec2_s,InterpretedForBooms,InterpretedForPeents,SS,SR,RecStart,RecEnd,Lag_s,RecFolder
7524,Black Lake,SK,58.93,-105.91,59,12:00:00 AM,12:00:00 AM,1,30595,22369,8226,y,y,11:01:00 PM,5:02:00 AM,10:01:00 PM,6:02:00 AM,7,59_SK_BlackLk_SM7524
7524,Black Lake,SK,58.93,-105.91,59,12:00:00 AM,12:00:00 AM,5,30595,22369,8226,y,y,11:07:00 PM,4:58:00 AM,10:07:00 PM,5:58:00 AM,7,59_SK_BlackLk_SM7524
7524,Black Lake,SK,58.93,-105.91,59,2014,12:00:00 AM,9,30594,12:00:00 AM,8225,y,y,11:12:00 PM,4:55:00 AM,10:12:00 PM,5:55:00 AM,8,59_SK_BlackLk_SM7524
7524,Black Lake,SK,58.93,-105.91,59,12:00:00 AM,12:00:00 AM,13,30595,12:00:00 AM,8226,y,y,11:16:00 PM,4:53:00 AM,10:16:00 PM,5:53:00 AM,8,59_SK_BlackLk_SM7524
7524,Black Lake,SK,58.93,-105.91,59,12:00:00 AM,12:00:00 AM,17,30594,12:00:00 AM,8225,y,y,11:19:00 PM,4:52:00 AM,10:19:00 PM,5:52:00 AM,8,59_SK_BlackLk_SM7524
7524,Black Lake,SK,58.93,-105.91,59,12:00:00 AM,12:00:00 AM,21,30594,12:00:00 AM,8225,y,y,11:20:00 PM,4:52:00 AM,10:20:00 PM,5:52:00 AM,8,59_SK_BlackLk_SM7524
7524,Black Lake,SK,58.93,-105.91,59,12:00:00 AM,12:00:00 AM,25,30595,22369,8226,y,y,11:19:00 PM,4:54:00 AM,10:19:00 PM,5:54:00 AM,8,59_SK_BlackLk_SM7524
7524,Black Lake,SK,58.93,-105.91,59,12:00:00 AM,12:00:00 AM,29,30594,22369,8225,y,y,11:17:00 PM,4:57:00 AM,10:17:00 PM,5:57:00 AM,8,59_SK_BlackLk_SM7524
7524,Black Lake,SK,58.93,-105.91,59,12:00:00 AM,12:00:00 AM,3,,,,x,x,11:13:00 PM,5:01:00 AM,,,,59_SK_BlackLk_SM7524
7524,Black Lake,SK,58.93,-105.91,59,12:00:00 AM,12:00:00 AM,7,,,,x,x,11:13:00 PM,5:07:00 AM,,,,59_SK_BlackLk_SM7524
7524,Black Lake,SK,58.93,-105.91,59,12:00:00 AM,12:00:00 AM,11,,,,x,x,11:03:00 PM,5:13:00 AM,,,,59_SK_BlackLk_SM7524
7524,Black Lake,SK,58.93,-105.91,59,12:00:00 AM,12:00:00 AM,15,,,,x,x,10:56:00 PM,5:20:00 AM,,,,59_SK_BlackLk_SM7524
7524,Black Lake,SK,58.93,-105.91,59,12:00:00 AM,12:00:00 AM,19,,,,x,x,10:56:00 PM,5:27:00 AM,,,,59_SK_BlackLk_SM7524
7524,Black Lake,SK,58.93,-105.91,59,12:00:00 AM,12:00:00 AM,23,,,,x,x,10:48:00 PM,5:35:00 AM,,,,59_SK_BlackLk_SM7524
7524,Black Lake,SK,58.93,-105.91,59,12:00:00 AM,12:00:00 AM,27,,,,x,x,10:40:00 PM,5:44:00 AM,,,,59_SK_BlackLk_SM7524
7524,Black Lake,SK,58.93,-105.91,59,12:00:00 AM,12:00:00 AM,31,,,,x,x,10:31:00 PM,5:53:00 AM,,,,59_SK_BlackLk_SM7524
7524,Black Lake,SK,58.93,-105.91,59,12:00:00 AM,12:00:00 AM,4,,,,x,x,10:22:00 PM,6:01:00 AM,,,,59_SK_BlackLk_SM7524
7524,Black Lake,SK,58.93,-105.91,59,12:00:00 AM,12:00:00 AM,8,,,,x,x,10:12:00 PM,6:11:00 AM,,,,59_SK_BlackLk_SM7524
7524,Black Lake,SK,58.93,-105.91,59,12:00:00 AM,12:00:00 AM,12,,,,x,x,10:02:00 PM,6:20:00 AM,,,,59_SK_BlackLk_SM7524
7524,Black Lake,SK,58.93,-105.91,59,12:00:00 AM,12:00:00 AM,16,,,,x,x,9:51:00 PM,6:29:00 AM,,,,59_SK_BlackLk_SM7524
7524,Black Lake,SK,58.93,-105.91,59,12:00:00 AM,12:00:00 AM,20,,,,x,x,9:40:00 PM,6:38:00 AM,,,,59_SK_BlackLk_SM7524
7620,Musselwhite,ON,52.54744,-90.4122,52,12:00:00 AM,12:00:00 AM,1,35995,33554,2441,y,y,10:16:00 PM,5:45:00 AM,9:16:00 PM,6:45:00 AM,7,52_ON_MusselwhiteBurn_SM7620
7620,Musselwhite,ON,52.54744,-90.4122,52,12:00:00 AM,12:00:00 AM,5,35995,33554,2441,y,y,10:20:00 PM,5:42:00 AM,9:20:00 PM,6:42:00 AM,7,52_ON_MusselwhiteBurn_SM7620
7620,Musselwhite,ON,52.54744,-90.4122,52,2014,12:00:00 AM,9,35994,12:00:00 AM,2440,y,y,10:24:00 PM,5:40:00 AM,9:24:00 PM,6:40:00 AM,8,52_ON_MusselwhiteBurn_SM7620
7620,Musselwhite,ON,52.54744,-90.4122,52,12:00:00 AM,12:00:00 AM,13,35994,12:00:00 AM,2440,y,y,10:26:00 PM,5:39:00 AM,9:26:00 PM,6:39:00 AM,8,52_ON_MusselwhiteBurn_SM7620
7620,Musselwhite,ON,52.54744,-90.4122,52,12:00:00 AM,12:00:00 AM,17,35994,12:00:00 AM,2440,y,y,10:29:00 PM,5:39:00 AM,9:29:00 PM,6:39:00 AM,8,52_ON_MusselwhiteBurn_SM7620
7620,Musselwhite,ON,52.54744,-90.4122,52,12:00:00 AM,12:00:00 AM,21,35994,12:00:00 AM,2440,y,y,10:30:00 PM,5:39:00 AM,9:30:00 PM,6:39:00 AM,8,52_ON_MusselwhiteBurn_SM7620
7620,Musselwhite,ON,52.54744,-90.4122,52,12:00:00 AM,12:00:00 AM,25,35995,33554,2441,y,y,10:30:00 PM,5:41:00 AM,9:30:00 PM,6:41:00 AM,4,52_ON_MusselwhiteBurn_SM7620
7620,Musselwhite,ON,52.54744,-90.4122,52,12:00:00 AM,12:00:00 AM,29,35994,33554,2440,y,y,10:30:00 PM,5:43:00 AM,9:30:00 PM,6:43:00 AM,8,52_ON_MusselwhiteBurn_SM7620
7620,Musselwhite,ON,52.54744,-90.4122,52,12:00:00 AM,12:00:00 AM,3,35994,33554,2440,y,y,10:28:00 PM,5:46:00 AM,9:28:00 PM,6:46:00 AM,8,52_ON_MusselwhiteBurn_SM7620
7620,Musselwhite,ON,52.54744,-90.4122,52,12:00:00 AM,12:00:00 AM,7,35994,33554,2440,y,y,10:26:00 PM,5:50:00 AM,9:26:00 PM,6:50:00 AM,8,52_ON_MusselwhiteBurn_SM7620
7620,Musselwhite,ON,52.54744,-90.4122,52,12:00:00 AM,12:00:00 AM,11,35994,12:00:00 AM,2440,y,y,10:23:00 PM,5:54:00 AM,9:23:00 PM,6:54:00 AM,8,52_ON_MusselwhiteBurn_SM7620
7620,Musselwhite,ON,52.54744,-90.4122,52,12:00:00 AM,12:00:00 AM,15,35994,12:00:00 AM,2440,y,y,10:19:00 PM,5:59:00 AM,9:19:00 PM,6:59:00 AM,8,52_ON_MusselwhiteBurn_SM7620
7620,Musselwhite,ON,52.54744,-90.4122,52,12:00:00 AM,12:00:00 AM,19,35993,12:00:00 AM,2439,y,y,10:15:00 PM,6:04:00 AM,9:15:00 PM,7:04:00 AM,10,52_ON_MusselwhiteBurn_SM7620
7620,Musselwhite,ON,52.54744,-90.4122,52,12:00:00 AM,12:00:00 AM,23,35995,12:00:00 AM,2441,y,y,10:09:00 PM,6:10:00 AM,9:09:00 PM,7:10:00 AM,7,52_ON_MusselwhiteBurn_SM7620
7620,Musselwhite,ON,52.54744,-90.4122,52,12:00:00 AM,12:00:00 AM,27,35994,33554,2440,n,y,10:04:00 PM,6:16:00 AM,9:04:00 PM,7:16:00 AM,8,52_ON_MusselwhiteBurn_SM7620
7620,Musselwhite,ON,52.54744,-90.4122,52,12:00:00 AM,12:00:00 AM,31,35994,33554,2440,n,y,9:57:00 PM,6:22:00 AM,8:57:00 PM,7:22:00 AM,8,52_ON_MusselwhiteBurn_SM7620
7620,Musselwhite,ON,52.54744,-90.4122,52,12:00:00 AM,12:00:00 AM,4,,,,x,x,9:50:00 PM,6:29:00 AM,,,,52_ON_MusselwhiteBurn_SM7620
7620,Musselwhite,ON,52.54744,-90.4122,52,12:00:00 AM,12:00:00 AM,8,,,,x,x,9:43:00 PM,6:35:00 AM,,,,52_ON_MusselwhiteBurn_SM7620
7620,Musselwhite,ON,52.54744,-90.4122,52,12:00:00 AM,12:00:00 AM,12,,,,x,x,9:35:00 PM,6:42:00 AM,,,,52_ON_MusselwhiteBurn_SM7620
7620,Musselwhite,ON,52.54744,-90.4122,52,12:00:00 AM,12:00:00 AM,16,,,,x,x,9:27:00 PM,6:49:00 AM,,,,52_ON_MusselwhiteBurn_SM7620
7620,Musselwhite,ON,52.54744,-90.4122,52,12:00:00 AM,12:00:00 AM,20,,,,x,x,9:19:00 PM,6:55:00 AM,,,,52_ON_MusselwhiteBurn_SM7620
7689,Gordon Crk,ON,50.571783,-87.866883,51,12:00:00 AM,12:00:00 AM,1,,,,x,x,9:55:00 PM,5:45:00 AM,,,,51_ON_GordonCrkBurn_SM7689
7689,Gordon Crk,ON,50.571783,-87.866883,51,12:00:00 AM,12:00:00 AM,5,,,,x,x,9:59:00 PM,5:42:00 AM,,,,51_ON_GordonCrkBurn_SM7689
7689,Gordon Crk,ON,50.571783,-87.866883,51,12:00:00 AM,12:00:00 AM,9,,,,x,x,10:02:00 PM,5:40:00 AM,,,,51_ON_GordonCrkBurn_SM7689
7689,Gordon Crk,ON,50.571783,-87.866883,51,12:00:00 AM,12:00:00 AM,13,35997,12:00:00 AM,2443,y,y,10:05:00 PM,5:39:00 AM,9:05:00 PM,6:39:00 AM,5,51_ON_GordonCrkBurn_SM7689
7689,Gordon Crk,ON,50.571783,-87.866883,51,12:00:00 AM,12:00:00 AM,17,35996,12:00:00 AM,2442,y,y,10:07:00 PM,5:39:00 AM,9:07:00 PM,6:39:00 AM,6,51_ON_GordonCrkBurn_SM7689
7689,Gordon Crk,ON,50.571783,-87.866883,51,12:00:00 AM,12:00:00 AM,21,35995,12:00:00 AM,2441,y,y,10:08:00 PM,5:40:00 AM,9:08:00 PM,6:40:00 AM,7,51_ON_GordonCrkBurn_SM7689
7689,Gordon Crk,ON,50.571783,-87.866883,51,12:00:00 AM,12:00:00 AM,25,35996,33554,2442,y,y,10:09:00 PM,5:41:00 AM,9:09:00 PM,6:41:00 AM,6,51_ON_GordonCrkBurn_SM7689
7689,Gordon Crk,ON,50.571783,-87.866883,51,12:00:00 AM,12:00:00 AM,29,35996,33554,2442,y,y,10:08:00 PM,5:43:00 AM,9:08:00 PM,6:43:00 AM,6,51_ON_GordonCrkBurn_SM7689
7689,Gordon Crk,ON,50.571783,-87.866883,51,12:00:00 AM,12:00:00 AM,3,35995,33554,2441,y,y,10:07:00 PM,5:46:00 AM,9:07:00 PM,6:46:00 AM,7,51_ON_GordonCrkBurn_SM7689
7689,Gordon Crk,ON,50.571783,-87.866883,51,12:00:00 AM,12:00:00 AM,7,35996,33554,2442,y,y,10:05:00 PM,5:50:00 AM,9:05:00 PM,6:50:00 AM,6,51_ON_GordonCrkBurn_SM7689
7689,Gordon Crk,ON,50.571783,-87.866883,51,12:00:00 AM,12:00:00 AM,11,35995,12:00:00 AM,2441,y,y,10:02:00 PM,5:54:00 AM,9:02:00 PM,6:54:00 AM,7,51_ON_GordonCrkBurn_SM7689
7689,Gordon Crk,ON,50.571783,-87.866883,51,12:00:00 AM,12:00:00 AM,15,35996,12:00:00 AM,2442,y,y,9:59:00 PM,5:58:00 AM,8:59:00 PM,6:58:00 AM,6,51_ON_GordonCrkBurn_SM7689
7689,Gordon Crk,ON,50.571783,-87.866883,51,12:00:00 AM,12:00:00 AM,19,35996,12:00:00 AM,2442,y,y,9:55:00 PM,6:03:00 AM,8:55:00 PM,7:03:00 AM,6,51_ON_GordonCrkBurn_SM7689
7689,Gordon Crk,ON,50.571783,-87.866883,51,12:00:00 AM,12:00:00 AM,23,35995,12:00:00 AM,2441,y,y,9:50:00 PM,6:08:00 AM,8:50:00 PM,7:08:00 AM,7,51_ON_GordonCrkBurn_SM7689
7689,Gordon Crk,ON,50.571783,-87.866883,51,12:00:00 AM,12:00:00 AM,27,35996,33554,2442,n,y,9:45:00 PM,6:14:00 AM,8:45:00 PM,7:14:00 AM,7,51_ON_GordonCrkBurn_SM7689
7689,Gordon Crk,ON,50.571783,-87.866883,51,12:00:00 AM,12:00:00 AM,31,35996,33554,2442,n,y,9:39:00 PM,6:19:00 AM,8:39:00 PM,7:19:00 AM,6,51_ON_GordonCrkBurn_SM7689
7689,Gordon Crk,ON,50.571783,-87.866883,51,12:00:00 AM,12:00:00 AM,4,35994,33554,2440,n,y,9:33:00 PM,6:25:00 AM,8:33:00 PM,7:25:00 AM,8,51_ON_GordonCrkBurn_SM7689
7689,Gordon Crk,ON,50.571783,-87.866883,51,2014,12:00:00 AM,8,35335,12:00:00 AM,1781,n,y,9:26:00 PM,6:31:00 AM,8:26:00 PM,7:31:00 AM,7,51_ON_GordonCrkBurn_SM7689
7689,Gordon Crk,ON,50.571783,-87.866883,51,12:00:00 AM,12:00:00 AM,12,31481,12:00:00 AM,,n,y,9:19:00 PM,6:37:00 AM,8:19:00 PM,7:37:00 AM,,51_ON_GordonCrkBurn_SM7689
7689,Gordon Crk,ON,50.571783,-87.866883,51,12:00:00 AM,12:00:00 AM,16,,,,x,x,9:11:00 PM,6:44:00 AM,,,,51_ON_GordonCrkBurn_SM7689
7689,Gordon Crk,ON,50.571783,-87.866883,51,12:00:00 AM,12:00:00 AM,20,,,,x,x,9:03:00 PM,6:50:00 AM,,,,51_ON_GordonCrkBurn_SM7689
7698,Tibbitt Lake,NT,62.50721,-113.39783,63,12:00:00 AM,12:00:00 AM,1,25194,22369,2825,y,y,11:10:00 PM,3:53:00 AM,10:10:00 PM,4:53:00 AM,8,63_NT_TibbittLk_SM13523
7698,Tibbitt Lake,NT,62.50721,-113.39783,63,12:00:00 AM,12:00:00 AM,5,25194,22369,2825,y,y,11:19:00 PM,3:46:00 AM,10:19:00 PM,4:46:00 AM,8,63_NT_TibbittLk_SM13523
7698,Tibbitt Lake,NT,62.50721,-113.39783,63,2014,12:00:00 AM,9,25193,12:00:00 AM,2824,y,y,11:26:00 PM,3:41:00 AM,10:26:00 PM,4:41:00 AM,9,63_NT_TibbittLk_SM13523
7698,Tibbitt Lake,NT,62.50721,-113.39783,63,12:00:00 AM,12:00:00 AM,13,25193,12:00:00 AM,2824,y,y,11:31:00 PM,3:37:00 AM,10:31:00 PM,4:37:00 AM,9,63_NT_TibbittLk_SM13523
7698,Tibbitt Lake,NT,62.50721,-113.39783,63,12:00:00 AM,12:00:00 AM,17,25193,12:00:00 AM,2824,y,y,11:35:00 PM,3:35:00 AM,10:35:00 PM,4:35:00 AM,9,63_NT_TibbittLk_SM13523
7698,Tibbitt Lake,NT,62.50721,-113.39783,63,12:00:00 AM,12:00:00 AM,21,25193,12:00:00 AM,2824,y,y,11:37:00 PM,3:36:00 AM,10:37:00 PM,4:36:00 AM,9,63_NT_TibbittLk_SM13523
7698,Tibbitt Lake,NT,62.50721,-113.39783,63,12:00:00 AM,12:00:00 AM,25,25194,12:00:00 AM,2825,y,y,11:37:00 PM,3:38:00 AM,10:37:00 PM,4:38:00 AM,8,63_NT_TibbittLk_SM13523
7698,Tibbitt Lake,NT,62.50721,-113.39783,63,12:00:00 AM,12:00:00 AM,29,25193,22369,2824,y,y,11:34:00 PM,3:42:00 AM,10:34:00 PM,4:42:00 AM,9,63_NT_TibbittLk_SM13523
7698,Tibbitt Lake,NT,62.50721,-113.39783,63,12:00:00 AM,12:00:00 AM,3,25193,22369,2824,y,y,11:30:00 PM,3:48:00 AM,10:30:00 PM,4:48:00 AM,9,63_NT_TibbittLk_SM13523
7698,Tibbitt Lake,NT,62.50721,-113.39783,63,12:00:00 AM,12:00:00 AM,7,25193,22369,2824,y,y,11:35:00 PM,3:56:00 AM,10:35:00 PM,4:56:00 AM,9,63_NT_TibbittLk_SM13523
7698,Tibbitt Lake,NT,62.50721,-113.39783,63,12:00:00 AM,12:00:00 AM,11,25193,12:00:00 AM,2824,y,y,11:17:00 PM,4:04:00 AM,10:17:00 PM,5:04:00 AM,9,63_NT_TibbittLk_SM13523
7698,Tibbitt Lake,NT,62.50721,-113.39783,63,12:00:00 AM,12:00:00 AM,15,,,,x,x,11:09:00 PM,4:14:00 AM,,,,63_NT_TibbittLk_SM13523
7698,Tibbitt Lake,NT,62.50721,-113.39783,63,12:00:00 AM,12:00:00 AM,19,,,,x,x,11:00:00 PM,4:24:00 AM,,,,63_NT_TibbittLk_SM13523
7698,Tibbitt Lake,NT,62.50721,-113.39783,63,12:00:00 AM,12:00:00 AM,23,,,,x,x,10:49:00 PM,4:35:00 AM,,,,63_NT_TibbittLk_SM13523
7698,Tibbitt Lake,NT,62.50721,-113.39783,63,12:00:00 AM,12:00:00 AM,27,,,,x,x,10:39:00 PM,4:46:00 AM,,,,63_NT_TibbittLk_SM13523
7698,Tibbitt Lake,NT,62.50721,-113.39783,63,12:00:00 AM,12:00:00 AM,31,,,,x,x,10:27:00 PM,4:57:00 AM,,,,63_NT_TibbittLk_SM13523
7698,Tibbitt Lake,NT,62.50721,-113.39783,63,12:00:00 AM,12:00:00 AM,4,,,,x,x,10:16:00 PM,5:08:00 AM,,,,63_NT_TibbittLk_SM13523
7698,Tibbitt Lake,NT,62.50721,-113.39783,63,12:00:00 AM,12:00:00 AM,8,,,,x,x,10:04:00 PM,5:19:00 AM,,,,63_NT_TibbittLk_SM13523
7698,Tibbitt Lake,NT,62.50721,-113.39783,63,12:00:00 AM,12:00:00 AM,12,,,,x,x,9:51:00 PM,5:31:00 AM,,,,63_NT_TibbittLk_SM13523
7698,Tibbitt Lake,NT,62.50721,-113.39783,63,12:00:00 AM,12:00:00 AM,16,,,,x,x,9:39:00 PM,5:42:00 AM,,,,63_NT_TibbittLk_SM13523
7698,Tibbitt Lake,NT,62.50721,-113.39783,63,12:00:00 AM,12:00:00 AM,20,,,,x,x,9:26:00 PM,5:53:00 AM,,,,63_NT_TibbittLk_SM13523
7699,Musselwhite,ON,52.56195,-90.4287,52,12:00:00 AM,12:00:00 AM,1,35997,33554,2443,y,y,10:16:00 PM,5:45:00 AM,9:16:00 PM,6:45:00 AM,6,52_ON_MusselwhiteBurn_SM7699
7699,Musselwhite,ON,52.56195,-90.4287,52,12:00:00 AM,12:00:00 AM,5,35996,33554,2442,y,y,10:20:00 PM,5:42:00 AM,9:20:00 PM,6:42:00 AM,6,52_ON_MusselwhiteBurn_SM7699
7699,Musselwhite,ON,52.56195,-90.4287,52,2014,12:00:00 AM,9,35996,12:00:00 AM,2442,y,y,10:24:00 PM,5:40:00 AM,9:24:00 PM,6:40:00 AM,7,52_ON_MusselwhiteBurn_SM7699
7699,Musselwhite,ON,52.56195,-90.4287,52,12:00:00 AM,12:00:00 AM,13,35996,12:00:00 AM,2442,y,y,10:26:00 PM,5:39:00 AM,9:26:00 PM,6:39:00 AM,6,52_ON_MusselwhiteBurn_SM7699
7699,Musselwhite,ON,52.56195,-90.4287,52,12:00:00 AM,12:00:00 AM,17,35994,12:00:00 AM,2440,y,y,10:29:00 PM,5:39:00 AM,9:29:00 PM,6:39:00 AM,8,52_ON_MusselwhiteBurn_SM7699
7699,Musselwhite,ON,52.56195,-90.4287,52,12:00:00 AM,12:00:00 AM,21,35995,12:00:00 AM,2441,y,y,10:30:00 PM,5:39:00 AM,9:30:00 PM,6:39:00 AM,7,52_ON_MusselwhiteBurn_SM7699
7699,Musselwhite,ON,52.56195,-90.4287,52,12:00:00 AM,6,25,35995,33554,2441,y,y,10:30:00 PM,5:41:00 AM,9:30:00 PM,6:41:00 AM,7,52_ON_MusselwhiteBurn_SM7699
7699,Musselwhite,ON,52.56195,-90.4287,52,12:00:00 AM,12:00:00 AM,29,35995,33554,2441,y,y,10:30:00 PM,5:43:00 AM,9:30:00 PM,6:43:00 AM,7,52_ON_MusselwhiteBurn_SM7699
7699,Musselwhite,ON,52.56195,-90.4287,52,12:00:00 AM,12:00:00 AM,3,35996,33554,2442,y,y,10:28:00 PM,5:46:00 AM,9:28:00 PM,6:46:00 AM,6,52_ON_MusselwhiteBurn_SM7699
7699,Musselwhite,ON,52.56195,-90.4287,52,12:00:00 AM,12:00:00 AM,7,35996,33554,2442,y,y,10:26:00 PM,5:50:00 AM,9:26:00 PM,6:50:00 AM,6,52_ON_MusselwhiteBurn_SM7699
7699,Musselwhite,ON,52.56195,-90.4287,52,12:00:00 AM,12:00:00 AM,11,35994,12:00:00 AM,2440,y,y,10:23:00 PM,5:54:00 AM,9:23:00 PM,6:54:00 AM,9,52_ON_MusselwhiteBurn_SM7699
7699,Musselwhite,ON,52.56195,-90.4287,52,12:00:00 AM,12:00:00 AM,15,35996,12:00:00 AM,2442,y,y,10:19:00 PM,5:59:00 AM,9:19:00 PM,6:59:00 AM,7,52_ON_MusselwhiteBurn_SM7699
7699,Musselwhite,ON,52.56195,-90.4287,52,12:00:00 AM,12:00:00 AM,19,35996,12:00:00 AM,2442,y,y,10:15:00 PM,6:04:00 AM,9:15:00 PM,7:04:00 AM,7,52_ON_MusselwhiteBurn_SM7699
7699,Musselwhite,ON,52.56195,-90.4287,52,12:00:00 AM,12:00:00 AM,23,35996,12:00:00 AM,2442,y,y,10:09:00 PM,6:10:00 AM,9:09:00 PM,7:10:00 AM,7,52_ON_MusselwhiteBurn_SM7699
7699,Musselwhite,ON,52.56195,-90.4287,52,12:00:00 AM,12:00:00 AM,27,35995,33554,2441,n,y,10:04:00 PM,6:16:00 AM,9:04:00 PM,7:16:00 AM,7,52_ON_MusselwhiteBurn_SM7699
7699,Musselwhite,ON,52.56195,-90.4287,52,12:00:00 AM,12:00:00 AM,31,,,,x,x,9:57:00 PM,6:22:00 AM,,,,52_ON_MusselwhiteBurn_SM7699
7699,Musselwhite,ON,52.56195,-90.4287,52,12:00:00 AM,12:00:00 AM,4,,,,x,x,9:50:00 PM,6:29:00 AM,,,,52_ON_MusselwhiteBurn_SM7699
7699,Musselwhite,ON,52.56195,-90.4287,52,12:00:00 AM,12:00:00 AM,8,,,,x,x,9:43:00 PM,6:35:00 AM,,,,52_ON_MusselwhiteBurn_SM7699
7699,Musselwhite,ON,52.56195,-90.4287,52,12:00:00 AM,12:00:00 AM,12,,,,x,x,9:35:00 PM,6:42:00 AM,,,,52_ON_MusselwhiteBurn_SM7699
7699,Musselwhite,ON,52.56195,-90.4287,52,12:00:00 AM,12:00:00 AM,16,,,,x,x,9:27:00 PM,6:49:00 AM,,,,52_ON_MusselwhiteBurn_SM7699
7699,Musselwhite,ON,52.56195,-90.4287,52,12:00:00 AM,12:00:00 AM,20,,,,x,x,9:19:00 PM,6:55:00 AM,,,,52_ON_MusselwhiteBurn_SM7699
7720,Timmins,ON,48.25271,-81.58784,48,12:00:00 AM,12:00:00 AM,1,,,,x,x,9:19:00 PM,5:30:00 AM,,,,48_ON_TimminsBurn_SM7720
7720,Timmins,ON,48.25271,-81.58784,48,12:00:00 AM,12:00:00 AM,5,,,,x,x,9:23:00 PM,5:28:00 AM,,,,48_ON_TimminsBurn_SM7720
7720,Timmins,ON,48.25271,-81.58784,48,12:00:00 AM,12:00:00 AM,9,37796,12:00:00 AM,4242,y,y,9:26:00 PM,5:27:00 AM,8:26:00 PM,6:27:00 AM,6,48_ON_TimminsBurn_SM7720
7720,Timmins,ON,48.25271,-81.58784,48,12:00:00 AM,12:00:00 AM,13,37795,12:00:00 AM,4241,y,y,9:29:00 PM,5:26:00 AM,8:29:00 PM,6:26:00 AM,7,48_ON_TimminsBurn_SM7720
7720,Timmins,ON,48.25271,-81.58784,48,12:00:00 AM,12:00:00 AM,17,37795,12:00:00 AM,4241,y,y,9:30:00 PM,5:26:00 AM,8:30:00 PM,6:26:00 AM,7,48_ON_TimminsBurn_SM7720
7720,Timmins,ON,48.25271,-81.58784,48,12:00:00 AM,12:00:00 AM,21,37795,12:00:00 AM,4241,y,y,9:31:00 PM,5:27:00 AM,8:31:00 PM,6:27:00 AM,7,48_ON_TimminsBurn_SM7720
7720,Timmins,ON,48.25271,-81.58784,48,12:00:00 AM,12:00:00 AM,25,37795,33554,4241,y,y,9:32:00 PM,5:28:00 AM,8:32:00 PM,6:28:00 AM,7,48_ON_TimminsBurn_SM7720
7720,Timmins,ON,48.25271,-81.58784,48,12:00:00 AM,12:00:00 AM,29,37794,33554,4240,y,y,9:32:00 PM,5:30:00 AM,8:32:00 PM,6:30:00 AM,8,48_ON_TimminsBurn_SM7720
7720,Timmins,ON,48.25271,-81.58784,48,12:00:00 AM,12:00:00 AM,3,37795,33554,4241,y,y,9:31:00 PM,5:32:00 AM,8:31:00 PM,6:32:00 AM,7,48_ON_TimminsBurn_SM7720
7720,Timmins,ON,48.25271,-81.58784,48,12:00:00 AM,12:00:00 AM,7,37795,33554,4241,y,y,9:29:00 PM,5:35:00 AM,8:29:00 PM,6:35:00 AM,7,48_ON_TimminsBurn_SM7720
7720,Timmins,ON,48.25271,-81.58784,48,12:00:00 AM,12:00:00 AM,11,37795,12:00:00 AM,4241,y,y,9:27:00 PM,5:39:00 AM,8:27:00 PM,6:39:00 AM,8,48_ON_TimminsBurn_SM7720
7720,Timmins,ON,48.25271,-81.58784,48,12:00:00 AM,12:00:00 AM,15,37795,12:00:00 AM,4241,y,y,9:24:00 PM,5:43:00 AM,8:24:00 PM,6:43:00 AM,7,48_ON_TimminsBurn_SM7720
7720,Timmins,ON,48.25271,-81.58784,48,12:00:00 AM,12:00:00 AM,19,37795,12:00:00 AM,4241,y,y,9:20:00 PM,5:48:00 AM,8:20:00 PM,6:48:00 AM,7,48_ON_TimminsBurn_SM7720
7720,Timmins,ON,48.25271,-81.58784,48,12:00:00 AM,12:00:00 AM,23,37795,12:00:00 AM,4241,y,y,9:16:00 PM,5:52:00 AM,8:16:00 PM,6:52:00 AM,7,48_ON_TimminsBurn_SM7720
7720,Timmins,ON,48.25271,-81.58784,48,12:00:00 AM,12:00:00 AM,27,37795,33554,4241,n,y,9:11:00 PM,5:57:00 AM,8:11:00 PM,6:57:00 AM,7,48_ON_TimminsBurn_SM7720
7720,Timmins,ON,48.25271,-81.58784,48,12:00:00 AM,12:00:00 AM,31,37797,33554,4243,n,y,9:06:00 PM,6:02:00 AM,8:06:00 PM,7:02:00 AM,6,48_ON_TimminsBurn_SM7720
7720,Timmins,ON,48.25271,-81.58784,48,12:00:00 AM,12:00:00 AM,4,37796,33554,4242,n,y,9:00:00 PM,6:08:00 AM,8:00:00 PM,7:08:00 AM,6,48_ON_TimminsBurn_SM7720
7720,Timmins,ON,48.25271,-81.58784,48,12:00:00 AM,12:00:00 AM,8,37796,33554,4242,n,y,8:54:00 PM,6:13:00 AM,7:54:00 PM,7:13:00 AM,6,48_ON_TimminsBurn_SM7720
7720,Timmins,ON,48.25271,-81.58784,48,12:00:00 AM,12:00:00 AM,12,37797,12:00:00 AM,4243,n,y,8:47:00 PM,6:19:00 AM,7:47:00 PM,7:19:00 AM,5,48_ON_TimminsBurn_SM7720
7720,Timmins,ON,48.25271,-81.58784,48,12:00:00 AM,12:00:00 AM,16,37796,33554,4242,n,y,8:40:00 PM,6:24:00 AM,7:40:00 PM,7:24:00 AM,6,48_ON_TimminsBurn_SM7720
7720,Timmins,ON,48.25271,-81.58784,48,12:00:00 AM,12:00:00 AM,20,37796,33554,4242,n,y,8:33:00 PM,6:30:00 AM,7:33:00 PM,7:30:00 AM,6,48_ON_TimminsBurn_SM7720
7734,Gordon Crk,ON,50.571767,-87.892763,51,12:00:00 AM,12:00:00 AM,1,,,,x,x,9:55:00 PM,5:45:00 AM,,,,51_ON_GordonCrkBurn_SM7734
7734,Gordon Crk,ON,50.571767,-87.892763,51,12:00:00 AM,12:00:00 AM,5,,,,x,x,9:59:00 PM,5:42:00 AM,,,,51_ON_GordonCrkBurn_SM7734
7734,Gordon Crk,ON,50.571767,-87.892763,51,12:00:00 AM,12:00:00 AM,9,,,,x,x,10:02:00 PM,5:40:00 AM,,,,51_ON_GordonCrkBurn_SM7734
7734,Gordon Crk,ON,50.571767,-87.892763,51,12:00:00 AM,12:00:00 AM,13,35997,12:00:00 AM,2443,y,y,10:05:00 PM,5:39:00 AM,9:05:00 PM,6:39:00 AM,5,51_ON_GordonCrkBurn_SM7734
7734,Gordon Crk,ON,50.571767,-87.892763,51,12:00:00 AM,12:00:00 AM,17,35996,12:00:00 AM,2442,y,y,10:07:00 PM,5:39:00 AM,9:07:00 PM,6:39:00 AM,6,51_ON_GordonCrkBurn_SM7734
7734,Gordon Crk,ON,50.571767,-87.892763,51,12:00:00 AM,12:00:00 AM,21,35995,12:00:00 AM,2441,y,y,10:08:00 PM,5:40:00 AM,9:08:00 PM,6:40:00 AM,7,51_ON_GordonCrkBurn_SM7734
7734,Gordon Crk,ON,50.571767,-87.892763,51,12:00:00 AM,12:00:00 AM,25,35996,33554,2442,y,y,10:09:00 PM,5:41:00 AM,9:09:00 PM,6:41:00 AM,6,51_ON_GordonCrkBurn_SM7734
7734,Gordon Crk,ON,50.571767,-87.892763,51,12:00:00 AM,12:00:00 AM,29,35996,33554,2442,y,y,10:08:00 PM,5:43:00 AM,9:08:00 PM,6:43:00 AM,7,51_ON_GordonCrkBurn_SM7734
7734,Gordon Crk,ON,50.571767,-87.892763,51,12:00:00 AM,12:00:00 AM,3,35995,33554,2441,y,y,10:07:00 PM,5:46:00 AM,9:07:00 PM,6:46:00 AM,7,51_ON_GordonCrkBurn_SM7734
7734,Gordon Crk,ON,50.571767,-87.892763,51,12:00:00 AM,12:00:00 AM,7,35996,33554,2442,y,y,10:05:00 PM,5:50:00 AM,9:05:00 PM,6:50:00 AM,6,51_ON_GordonCrkBurn_SM7734
7734,Gordon Crk,ON,50.571767,-87.892763,51,12:00:00 AM,12:00:00 AM,11,35995,12:00:00 AM,2441,y,y,10:02:00 PM,5:54:00 AM,9:02:00 PM,6:54:00 AM,7,51_ON_GordonCrkBurn_SM7734
7734,Gordon Crk,ON,50.571767,-87.892763,51,12:00:00 AM,12:00:00 AM,15,35996,12:00:00 AM,2442,y,y,9:59:00 PM,5:58:00 AM,8:59:00 PM,6:58:00 AM,6,51_ON_GordonCrkBurn_SM7734
7734,Gordon Crk,ON,50.571767,-87.892763,51,12:00:00 AM,12:00:00 AM,19,35996,12:00:00 AM,2442,y,y,9:55:00 PM,6:03:00 AM,8:55:00 PM,7:03:00 AM,7,51_ON_GordonCrkBurn_SM7734
7734,Gordon Crk,ON,50.571767,-87.892763,51,12:00:00 AM,12:00:00 AM,23,35995,12:00:00 AM,2441,y,y,9:50:00 PM,6:08:00 AM,8:50:00 PM,7:08:00 AM,7,51_ON_GordonCrkBurn_SM7734
7734,Gordon Crk,ON,50.571767,-87.892763,51,12:00:00 AM,7,27,35995,33554,2441,n,y,9:45:00 PM,6:14:00 AM,8:45:00 PM,7:14:00 AM,7,51_ON_GordonCrkBurn_SM7734
7734,Gordon Crk,ON,50.571767,-87.892763,51,12:00:00 AM,12:00:00 AM,31,35996,33554,2442,n,y,9:39:00 PM,6:19:00 AM,8:39:00 PM,7:19:00 AM,7,51_ON_GordonCrkBurn_SM7734
7734,Gordon Crk,ON,50.571767,-87.892763,51,12:00:00 AM,12:00:00 AM,4,35994,33554,2440,n,y,9:33:00 PM,6:25:00 AM,8:33:00 PM,7:25:00 AM,8,51_ON_GordonCrkBurn_SM7734
7734,Gordon Crk,ON,50.571767,-87.892763,51,12:00:00 AM,12:00:00 AM,8,35994,33554,2440,n,y,9:26:00 PM,6:31:00 AM,8:26:00 PM,7:31:00 AM,8,51_ON_GordonCrkBurn_SM7734
7734,Gordon Crk,ON,50.571767,-87.892763,51,12:00:00 AM,12:00:00 AM,12,35994,12:00:00 AM,2440,n,y,9:19:00 PM,6:37:00 AM,8:19:00 PM,7:37:00 AM,8,51_ON_GordonCrkBurn_SM7734
7734,Gordon Crk,ON,50.571767,-87.892763,51,12:00:00 AM,8,16,35995,33554,2441,n,y,9:11:00 PM,6:44:00 AM,8:11:00 PM,7:44:00 AM,8,51_ON_GordonCrkBurn_SM7734
7734,Gordon Crk,ON,50.571767,-87.892763,51,12:00:00 AM,12:00:00 AM,20,35994,33554,2440,n,y,9:03:00 PM,6:50:00 AM,8:03:00 PM,7:50:00 AM,8,51_ON_GordonCrkBurn_SM7734
7734,Gordon Crk,ON,50.571767,-87.892763,51,12:00:00 AM,12:00:00 AM,24,35994,33554,2440,n,y,8:55:00 PM,6:56:00 AM,7:55:00 PM,7:56:00 AM,8,51_ON_GordonCrkBurn_SM7734
7734,Gordon Crk,ON,50.571767,-87.892763,51,12:00:00 AM,12:00:00 AM,28,35994,33554,2440,n,y,8:47:00 PM,7:02:00 AM,7:47:00 PM,8:02:00 AM,8,51_ON_GordonCrkBurn_SM7734
7755,Gordon Crk,ON,50.63108,-87.75551,51,12:00:00 AM,12:00:00 AM,17,32400,12:00:00 AM,,y,y,10:07:00 PM,5:39:00 AM,9:07:00 PM,6:39:00 AM,,51_ON_GordonCrkBurn_SM7755
7755,Gordon Crk,ON,50.63108,-87.75551,51,12:00:00 AM,12:00:00 AM,19,32400,12:00:00 AM,,y,y,10:08:00 PM,5:39:00 AM,9:08:00 PM,6:39:00 AM,,51_ON_GordonCrkBurn_SM7755
7755,Gordon Crk,ON,50.63108,-87.75551,51,12:00:00 AM,12:00:00 AM,21,32400,12:00:00 AM,,y,y,10:08:00 PM,5:40:00 AM,9:08:00 PM,6:40:00 AM,,51_ON_GordonCrkBurn_SM7755
7755,Gordon Crk,ON,50.63108,-87.75551,51,12:00:00 AM,12:00:00 AM,23,32400,12:00:00 AM,,y,y,10:08:00 PM,5:40:00 AM,9:08:00 PM,6:40:00 AM,,51_ON_GordonCrkBurn_SM7755
7755,Gordon Crk,ON,50.63108,-87.75551,51,12:00:00 AM,12:00:00 AM,25,32400,12:00:00 AM,,y,y,10:08:00 PM,5:41:00 AM,9:08:00 PM,6:41:00 AM,,51_ON_GordonCrkBurn_SM7755
7755,Gordon Crk,ON,50.63108,-87.75551,51,12:00:00 AM,12:00:00 AM,27,32400,32400,,y,y,10:08:00 PM,5:42:00 AM,9:08:00 PM,6:42:00 AM,,51_ON_GordonCrkBurn_SM7755
7755,Gordon Crk,ON,50.63108,-87.75551,51,12:00:00 AM,12:00:00 AM,29,32400,32400,,y,y,10:08:00 PM,5:43:00 AM,9:08:00 PM,6:43:00 AM,,51_ON_GordonCrkBurn_SM7755
7755,Gordon Crk,ON,50.63108,-87.75551,51,12:00:00 AM,12:00:00 AM,1,32400,32400,,y,y,10:08:00 PM,5:44:00 AM,9:08:00 PM,6:44:00 AM,,51_ON_GordonCrkBurn_SM7755
7755,Gordon Crk,ON,50.63108,-87.75551,51,2014,12:00:00 AM,3,32400,12:00:00 AM,,y,y,10:07:00 PM,5:46:00 AM,9:07:00 PM,6:46:00 AM,,51_ON_GordonCrkBurn_SM7755
7755,Gordon Crk,ON,50.63108,-87.75551,51,12:00:00 AM,12:00:00 AM,5,32400,12:00:00 AM,,y,y,10:06:00 PM,5:47:00 AM,9:06:00 PM,6:47:00 AM,,51_ON_GordonCrkBurn_SM7755
7755,Gordon Crk,ON,50.63108,-87.75551,51,12:00:00 AM,12:00:00 AM,7,32400,12:00:00 AM,,y,y,10:05:00 PM,5:49:00 AM,9:05:00 PM,6:49:00 AM,,51_ON_GordonCrkBurn_SM7755
7755,Gordon Crk,ON,50.63108,-87.75551,51,12:00:00 AM,12:00:00 AM,9,32400,12:00:00 AM,,y,y,10:04:00 PM,5:51:00 AM,9:04:00 PM,6:51:00 AM,,51_ON_GordonCrkBurn_SM7755
7755,Gordon Crk,ON,50.63108,-87.75551,51,12:00:00 AM,12:00:00 AM,11,32400,12:00:00 AM,,y,y,10:02:00 PM,5:53:00 AM,9:02:00 PM,6:53:00 AM,,51_ON_GordonCrkBurn_SM7755
7755,Gordon Crk,ON,50.63108,-87.75551,51,12:00:00 AM,12:00:00 AM,13,32400,32400,,y,y,10:01:00 PM,5:55:00 AM,9:01:00 PM,6:55:00 AM,,51_ON_GordonCrkBurn_SM7755
7755,Gordon Crk,ON,50.63108,-87.75551,51,12:00:00 AM,12:00:00 AM,15,32400,32400,,y,y,9:59:00 PM,5:58:00 AM,8:59:00 PM,6:58:00 AM,,51_ON_GordonCrkBurn_SM7755
7755,Gordon Crk,ON,50.63108,-87.75551,51,12:00:00 AM,12:00:00 AM,17,32400,32400,,y,y,9:57:00 PM,6:00:00 AM,8:57:00 PM,7:00:00 AM,,51_ON_GordonCrkBurn_SM7755
7755,Gordon Crk,ON,50.63108,-87.75551,51,12:00:00 AM,12:00:00 AM,19,32400,12:00:00 AM,,y,y,9:55:00 PM,6:03:00 AM,8:55:00 PM,7:03:00 AM,,51_ON_GordonCrkBurn_SM7755
7755,Gordon Crk,ON,50.63108,-87.75551,51,12:00:00 AM,12:00:00 AM,21,32400,32400,,y,y,9:52:00 PM,6:05:00 AM,8:52:00 PM,7:05:00 AM,,51_ON_GordonCrkBurn_SM7755
7755,Gordon Crk,ON,50.63108,-87.75551,51,12:00:00 AM,12:00:00 AM,23,32400,32400,,y,y,9:50:00 PM,6:08:00 AM,8:50:00 PM,7:08:00 AM,,51_ON_GordonCrkBurn_SM7755
7755,Gordon Crk,ON,50.63108,-87.75551,51,12:00:00 AM,12:00:00 AM,25,32400,32400,,n,y,9:47:00 PM,6:10:00 AM,8:47:00 PM,7:10:00 AM,,51_ON_GordonCrkBurn_SM7755
7755,Gordon Crk,ON,50.63108,-87.75551,51,12:00:00 AM,12:00:00 AM,27,32400,32400,,n,y,9:45:00 PM,6:13:00 AM,8:45:00 PM,7:13:00 AM,,51_ON_GordonCrkBurn_SM7755
7755,Gordon Crk,ON,50.63108,-87.75551,51,2014,12:00:00 AM,29,32400,12:00:00 AM,,n,y,9:42:00 PM,6:16:00 AM,8:42:00 PM,7:16:00 AM,,51_ON_GordonCrkBurn_SM7755
7758,Carp,ON,45.353701,-76.012284,45,12:00:00 AM,12:00:00 AM,1,,,,x,x,8:45:00 PM,5:20:00 AM,,,,45_ON_CarpRidge_SM7758
7758,Carp,ON,45.353701,-76.012284,45,12:00:00 AM,12:00:00 AM,5,,,,x,x,8:49:00 PM,5:18:00 AM,,,,45_ON_CarpRidge_SM7758
7758,Carp,ON,45.353701,-76.012284,45,12:00:00 AM,12:00:00 AM,9,37794,12:00:00 AM,4240,y,y,8:51:00 PM,5:17:00 AM,7:51:00 PM,6:17:00 AM,8,45_ON_CarpRidge_SM7758
7758,Carp,ON,45.353701,-76.012284,45,12:00:00 AM,12:00:00 AM,13,37794,12:00:00 AM,4240,y,y,8:54:00 PM,5:16:00 AM,7:54:00 PM,6:16:00 AM,8,45_ON_CarpRidge_SM7758
7758,Carp,ON,45.353701,-76.012284,45,12:00:00 AM,12:00:00 AM,17,37793,33554,4239,y,y,8:55:00 PM,5:16:00 AM,7:55:00 PM,6:16:00 AM,9,45_ON_CarpRidge_SM7758
7758,Carp,ON,45.353701,-76.012284,45,12:00:00 AM,12:00:00 AM,21,37795,33554,4241,y,y,8:57:00 PM,5:17:00 AM,7:57:00 PM,6:17:00 AM,7,45_ON_CarpRidge_SM7758
7758,Carp,ON,45.353701,-76.012284,45,12:00:00 AM,12:00:00 AM,25,37795,33554,4241,y,y,8:57:00 PM,5:18:00 AM,7:57:00 PM,6:18:00 AM,7,45_ON_CarpRidge_SM7758
7758,Carp,ON,45.353701,-76.012284,45,2014,12:00:00 AM,29,37794,12:00:00 AM,4240,y,y,8:57:00 PM,5:20:00 AM,7:57:00 PM,6:20:00 AM,8,45_ON_CarpRidge_SM7758
7758,Carp,ON,45.353701,-76.012284,45,12:00:00 AM,12:00:00 AM,3,37795,12:00:00 AM,4241,y,y,8:56:00 PM,5:22:00 AM,7:56:00 PM,6:22:00 AM,7,45_ON_CarpRidge_SM7758
7758,Carp,ON,45.353701,-76.012284,45,12:00:00 AM,12:00:00 AM,7,37795,12:00:00 AM,4241,y,y,8:55:00 PM,5:25:00 AM,7:55:00 PM,6:25:00 AM,7,45_ON_CarpRidge_SM7758
7758,Carp,ON,45.353701,-76.012284,45,12:00:00 AM,12:00:00 AM,11,37794,12:00:00 AM,4240,y,y,8:53:00 PM,5:28:00 AM,7:53:00 PM,6:28:00 AM,8,45_ON_CarpRidge_SM7758
7758,Carp,ON,45.353701,-76.012284,45,12:00:00 AM,12:00:00 AM,15,37795,12:00:00 AM,4241,y,y,8:50:00 PM,5:32:00 AM,7:50:00 PM,6:32:00 AM,7,45_ON_CarpRidge_SM7758
7758,Carp,ON,45.353701,-76.012284,45,12:00:00 AM,12:00:00 AM,19,37795,33554,4241,y,y,8:47:00 PM,5:36:00 AM,7:47:00 PM,6:36:00 AM,7,45_ON_CarpRidge_SM7758
7758,Carp,ON,45.353701,-76.012284,45,12:00:00 AM,12:00:00 AM,23,37795,33554,4241,y,y,8:43:00 PM,5:40:00 AM,7:43:00 PM,6:40:00 AM,7,45_ON_CarpRidge_SM7758
7758,Carp,ON,45.353701,-76.012284,45,12:00:00 AM,12:00:00 AM,27,37795,33554,4241,y,y,8:39:00 PM,5:44:00 AM,7:39:00 PM,6:44:00 AM,7,45_ON_CarpRidge_SM7758
7758,Carp,ON,45.353701,-76.012284,45,12:00:00 AM,12:00:00 AM,31,37797,12:00:00 AM,4243,y,y,8:34:00 PM,5:49:00 AM,7:34:00 PM,6:49:00 AM,5,45_ON_CarpRidge_SM7758
7758,Carp,ON,45.353701,-76.012284,45,12:00:00 AM,12:00:00 AM,1,33797,33554,4243,n,y,8:33:00 PM,5:50:00 AM,7:33:00 PM,6:50:00 AM,5,45_ON_CarpRidge_SM7758
7758,Carp,ON,45.353701,-76.012284,45,12:00:00 AM,12:00:00 AM,4,37797,33554,4243,n,y,8:29:00 PM,5:54:00 AM,7:29:00 PM,6:54:00 AM,5,45_ON_CarpRidge_SM7758
7758,Carp,ON,45.353701,-76.012284,45,12:00:00 AM,12:00:00 AM,5,37797,33554,4243,n,y,8:28:00 PM,5:55:00 AM,7:28:00 PM,6:55:00 AM,5,45_ON_CarpRidge_SM7758
7758,Carp,ON,45.353701,-76.012284,45,12:00:00 AM,12:00:00 AM,8,37797,33554,4243,n,y,8:24:00 PM,5:59:00 AM,7:24:00 PM,6:59:00 AM,6,45_ON_CarpRidge_SM7758
7758,Carp,ON,45.353701,-76.012284,45,2014,12:00:00 AM,12,37797,12:00:00 AM,4243,n,y,8:18:00 PM,6:03:00 AM,7:18:00 PM,7:03:00 AM,5,45_ON_CarpRidge_SM7758
7758,Carp,ON,45.353701,-76.012284,45,12:00:00 AM,12:00:00 AM,16,37797,12:00:00 AM,4243,n,y,8:11:00 PM,6:08:00 AM,7:11:00 PM,7:08:00 AM,5,45_ON_CarpRidge_SM7758
7758,Carp,ON,45.353701,-76.012284,45,12:00:00 AM,12:00:00 AM,20,37797,12:00:00 AM,4243,n,y,8:05:00 PM,6:13:00 AM,7:05:00 PM,7:13:00 AM,5,45_ON_CarpRidge_SM7758
8245,Schaffer Lake,SK,56.735,-103.615,57,12:00:00 AM,12:00:00 AM,1,30595,12:00:00 AM,8226,y,y,10:35:00 PM,5:11:00 AM,9:35:00 PM,6:11:00 AM,7,57_SK_SchafferLk_SM8245
8245,Schaffer Lake,SK,56.735,-103.615,57,12:00:00 AM,12:00:00 AM,5,30595,12:00:00 AM,8226,y,y,10:40:00 PM,5:07:00 AM,9:40:00 PM,6:07:00 AM,7,57_SK_SchafferLk_SM8245
8245,Schaffer Lake,SK,56.735,-103.615,57,12:00:00 AM,12:00:00 AM,9,30595,22369,8226,y,y,10:45:00 PM,5:04:00 AM,9:45:00 PM,6:04:00 AM,8,57_SK_SchafferLk_SM8245
8245,Schaffer Lake,SK,56.735,-103.615,57,12:00:00 AM,12:00:00 AM,13,30595,22369,8226,y,y,10:48:00 PM,5:03:00 AM,9:48:00 PM,6:03:00 AM,7,57_SK_SchafferLk_SM8245
8245,Schaffer Lake,SK,56.735,-103.615,57,12:00:00 AM,12:00:00 AM,17,30594,22369,8225,y,y,10:50:00 PM,5:02:00 AM,9:50:00 PM,6:02:00 AM,8,57_SK_SchafferLk_SM8245
8245,Schaffer Lake,SK,56.735,-103.615,57,12:00:00 AM,12:00:00 AM,21,30594,12:00:00 AM,8225,y,y,10:52:00 PM,5:03:00 AM,9:52:00 PM,6:03:00 AM,8,57_SK_SchafferLk_SM8245
8245,Schaffer Lake,SK,56.735,-103.615,57,12:00:00 AM,12:00:00 AM,25,30595,12:00:00 AM,8226,y,y,10:52:00 PM,5:04:00 AM,9:52:00 PM,6:04:00 AM,7,57_SK_SchafferLk_SM8245
8245,Schaffer Lake,SK,56.735,-103.615,57,12:00:00 AM,12:00:00 AM,29,30593,12:00:00 AM,8224,n,y,10:51:00 PM,5:07:00 AM,9:51:00 PM,6:07:00 AM,9,57_SK_SchafferLk_SM8245
8245,Schaffer Lake,SK,56.735,-103.615,57,12:00:00 AM,12:00:00 AM,3,,,,x,x,10:49:00 PM,5:10:00 AM,,,,57_SK_SchafferLk_SM8245
8245,Schaffer Lake,SK,56.735,-103.615,57,12:00:00 AM,12:00:00 AM,7,,,,x,x,10:46:00 PM,5:15:00 AM,,,,57_SK_SchafferLk_SM8245
8245,Schaffer Lake,SK,56.735,-103.615,57,12:00:00 AM,12:00:00 AM,11,,,,x,x,10:42:00 PM,5:21:00 AM,,,,57_SK_SchafferLk_SM8245
8245,Schaffer Lake,SK,56.735,-103.615,57,12:00:00 AM,12:00:00 AM,15,,,,x,x,10:37:00 PM,5:27:00 AM,,,,57_SK_SchafferLk_SM8245
8245,Schaffer Lake,SK,56.735,-103.615,57,12:00:00 AM,12:00:00 AM,19,,,,x,x,10:31:00 PM,5:33:00 AM,,,,57_SK_SchafferLk_SM8245
8245,Schaffer Lake,SK,56.735,-103.615,57,12:00:00 AM,12:00:00 AM,23,,,,x,x,10:25:00 PM,5:40:00 AM,,,,57_SK_SchafferLk_SM8245
8245,Schaffer Lake,SK,56.735,-103.615,57,12:00:00 AM,12:00:00 AM,27,,,,x,x,10:17:00 PM,5:48:00 AM,,,,57_SK_SchafferLk_SM8245
8245,Schaffer Lake,SK,56.735,-103.615,57,12:00:00 AM,12:00:00 AM,31,,,,x,x,10:10:00 PM,5:56:00 AM,,,,57_SK_SchafferLk_SM8245
8245,Schaffer Lake,SK,56.735,-103.615,57,12:00:00 AM,12:00:00 AM,4,,,,x,x,10:01:00 PM,6:04:00 AM,,,,57_SK_SchafferLk_SM8245
8245,Schaffer Lake,SK,56.735,-103.615,57,12:00:00 AM,12:00:00 AM,8,,,,x,x,9:52:00 PM,6:12:00 AM,,,,57_SK_SchafferLk_SM8245
8245,Schaffer Lake,SK,56.735,-103.615,57,12:00:00 AM,12:00:00 AM,12,,,,x,x,9:43:00 PM,6:20:00 AM,,,,57_SK_SchafferLk_SM8245
8245,Schaffer Lake,SK,56.735,-103.615,57,12:00:00 AM,12:00:00 AM,16,,,,x,x,9:34:00 PM,6:28:00 AM,,,,57_SK_SchafferLk_SM8245
8245,Schaffer Lake,SK,56.735,-103.615,57,12:00:00 AM,12:00:00 AM,20,,,,x,x,9:24:00 PM,6:36:00 AM,,,,57_SK_SchafferLk_SM8245
8246,Carp,ON,45.351989,-76.009884,45,12:00:00 AM,12:00:00 AM,1,,,,x,x,8:45:00 PM,5:20:00 AM,,,,45_ON_CarpRidge_SM8246
8246,Carp,ON,45.351989,-76.009884,45,12:00:00 AM,12:00:00 AM,5,,,,x,x,8:49:00 PM,5:18:00 AM,,,,45_ON_CarpRidge_SM8246
8246,Carp,ON,45.351989,-76.009884,45,12:00:00 AM,12:00:00 AM,9,37795,33554,4241,y,y,8:51:00 PM,5:17:00 AM,7:51:00 PM,6:17:00 AM,7,45_ON_CarpRidge_SM8246
8246,Carp,ON,45.351989,-76.009884,45,12:00:00 AM,12:00:00 AM,13,37794,33554,4240,y,y,8:54:00 PM,5:16:00 AM,7:54:00 PM,6:16:00 AM,8,45_ON_CarpRidge_SM8246
8246,Carp,ON,45.351989,-76.009884,45,12:00:00 AM,12:00:00 AM,17,37795,33554,4241,y,y,8:55:00 PM,5:16:00 AM,7:55:00 PM,6:16:00 AM,7,45_ON_CarpRidge_SM8246
8246,Carp,ON,45.351989,-76.009884,45,12:00:00 AM,12:00:00 AM,21,37795,12:00:00 AM,4241,y,y,8:57:00 PM,5:17:00 AM,7:57:00 PM,6:17:00 AM,7,45_ON_CarpRidge_SM8246
8246,Carp,ON,45.351989,-76.009884,45,12:00:00 AM,12:00:00 AM,25,37795,12:00:00 AM,4241,y,y,8:57:00 PM,5:18:00 AM,7:57:00 PM,6:18:00 AM,7,45_ON_CarpRidge_SM8246
8246,Carp,ON,45.351989,-76.009884,45,12:00:00 AM,12:00:00 AM,29,37794,12:00:00 AM,4240,y,y,8:57:00 PM,5:20:00 AM,7:57:00 PM,6:20:00 AM,8,45_ON_CarpRidge_SM8246
8246,Carp,ON,45.351989,-76.009884,45,12:00:00 AM,12:00:00 AM,3,37795,12:00:00 AM,4241,y,y,8:56:00 PM,5:22:00 AM,7:56:00 PM,6:22:00 AM,8,45_ON_CarpRidge_SM8246
8246,Carp,ON,45.351989,-76.009884,45,12:00:00 AM,12:00:00 AM,7,37795,33554,4241,y,y,8:55:00 PM,5:25:00 AM,7:55:00 PM,6:25:00 AM,7,45_ON_CarpRidge_SM8246
8246,Carp,ON,45.351989,-76.009884,45,12:00:00 AM,12:00:00 AM,11,37795,33554,4241,y,y,8:53:00 PM,5:28:00 AM,7:53:00 PM,6:28:00 AM,7,45_ON_CarpRidge_SM8246
8246,Carp,ON,45.351989,-76.009884,45,12:00:00 AM,12:00:00 AM,15,37795,33554,4241,y,y,8:50:00 PM,5:32:00 AM,7:50:00 PM,6:32:00 AM,7,45_ON_CarpRidge_SM8246
8246,Carp,ON,45.351989,-76.009884,45,12:00:00 AM,12:00:00 AM,19,37795,33554,4241,y,y,8:47:00 PM,5:36:00 AM,7:47:00 PM,6:36:00 AM,7,45_ON_CarpRidge_SM8246
8246,Carp,ON,45.351989,-76.009884,45,12:00:00 AM,12:00:00 AM,23,37795,12:00:00 AM,4241,y,y,8:43:00 PM,5:40:00 AM,7:43:00 PM,6:40:00 AM,7,45_ON_CarpRidge_SM8246
8246,Carp,ON,45.351989,-76.009884,45,12:00:00 AM,12:00:00 AM,27,37795,33554,4241,n,y,8:39:00 PM,5:44:00 AM,7:39:00 PM,6:44:00 AM,7,45_ON_CarpRidge_SM8246
8246,Carp,ON,45.351989,-76.009884,45,12:00:00 AM,12:00:00 AM,31,37795,33554,4241,n,y,8:34:00 PM,5:49:00 AM,7:34:00 PM,6:49:00 AM,7,45_ON_CarpRidge_SM8246
8246,Carp,ON,45.351989,-76.009884,45,12:00:00 AM,12:00:00 AM,4,37794,33554,4240,n,y,8:29:00 PM,5:54:00 AM,7:29:00 PM,6:54:00 AM,8,45_ON_CarpRidge_SM8246
8246,Carp,ON,45.351989,-76.009884,45,12:00:00 AM,12:00:00 AM,5,37794,33554,4240,n,y,8:28:00 PM,5:55:00 AM,7:28:00 PM,6:55:00 AM,8,45_ON_CarpRidge_SM8246
8246,Carp,ON,45.351989,-76.009884,45,12:00:00 AM,12:00:00 AM,8,37794,12:00:00 AM,4240,n,y,8:24:00 PM,5:59:00 AM,7:24:00 PM,6:59:00 AM,8,45_ON_CarpRidge_SM8246
8246,Carp,ON,45.351989,-76.009884,45,12:00:00 AM,12:00:00 AM,12,37794,12:00:00 AM,4240,n,y,8:18:00 PM,6:03:00 AM,7:18:00 PM,7:03:00 AM,8,45_ON_CarpRidge_SM8246
8246,Carp,ON,45.351989,-76.009884,45,12:00:00 AM,12:00:00 AM,16,37795,12:00:00 AM,4241,n,y,8:11:00 PM,6:08:00 AM,7:11:00 PM,7:08:00 AM,7,45_ON_CarpRidge_SM8246
8246,Carp,ON,45.351989,-76.009884,45,12:00:00 AM,12:00:00 AM,20,37794,12:00:00 AM,4240,n,y,8:05:00 PM,6:13:00 AM,7:05:00 PM,7:13:00 AM,8,45_ON_CarpRidge_SM8246
9990,PANP,SK,53.64164,-106.065,54,12:00:00 AM,12:00:00 AM,1,30596,22369,8227,y,y,10:24:00 PM,5:41:00 AM,9:24:00 PM,6:41:00 AM,6,54_SK_PANP_SVWCONI1
9990,PANP,SK,53.64164,-106.065,54,12:00:00 AM,12:00:00 AM,5,30596,22369,8227,y,y,10:29:00 PM,5:38:00 AM,9:29:00 PM,6:38:00 AM,6,54_SK_PANP_SVWCONI1
9990,PANP,SK,53.64164,-106.065,54,12:00:00 AM,12:00:00 AM,9,30595,22369,8226,y,y,10:32:00 PM,5:36:00 AM,9:32:00 PM,6:36:00 AM,7,54_SK_PANP_SVWCONI1
9990,PANP,SK,53.64164,-106.065,54,12:00:00 AM,12:00:00 AM,13,30595,22369,8226,y,y,10:35:00 PM,5:35:00 AM,9:35:00 PM,6:35:00 AM,7,54_SK_PANP_SVWCONI1
9990,PANP,SK,53.64164,-106.065,54,12:00:00 AM,12:00:00 AM,17,30595,12:00:00 AM,8226,y,y,10:38:00 PM,5:34:00 AM,9:38:00 PM,6:34:00 AM,7,54_SK_PANP_SVWCONI1
9990,PANP,SK,53.64164,-106.065,54,12:00:00 AM,12:00:00 AM,21,30596,12:00:00 AM,8227,n,y,10:39:00 PM,5:35:00 AM,9:39:00 PM,6:35:00 AM,6,54_SK_PANP_SVWCONI1
9990,PANP,SK,53.64164,-106.065,54,12:00:00 AM,12:00:00 AM,25,30595,12:00:00 AM,8226,n,y,10:39:00 PM,5:37:00 AM,9:39:00 PM,6:37:00 AM,7,54_SK_PANP_SVWCONI1
9990,PANP,SK,53.64164,-106.065,54,12:00:00 AM,12:00:00 AM,29,30595,12:00:00 AM,8226,n,y,10:39:00 PM,5:39:00 AM,9:39:00 PM,6:39:00 AM,7,54_SK_PANP_SVWCONI1
9990,PANP,SK,53.64164,-106.065,54,12:00:00 AM,12:00:00 AM,3,30595,22369,8226,n,y,10:37:00 PM,5:42:00 AM,9:37:00 PM,6:42:00 AM,7,54_SK_PANP_SVWCONI1
9990,PANP,SK,53.64164,-106.065,54,12:00:00 AM,12:00:00 AM,7,30595,22369,8226,n,y,10:35:00 PM,5:46:00 AM,9:35:00 PM,6:46:00 AM,7,54_SK_PANP_SVWCONI1
9990,PANP,SK,53.64164,-106.065,54,12:00:00 AM,12:00:00 AM,11,,,,x,x,10:31:00 PM,5:51:00 AM,,,,54_SK_PANP_SVWCONI1
9990,PANP,SK,53.64164,-106.065,54,12:00:00 AM,12:00:00 AM,15,,,,x,x,10:27:00 PM,5:56:00 AM,,,,54_SK_PANP_SVWCONI1
9990,PANP,SK,53.64164,-106.065,54,12:00:00 AM,12:00:00 AM,19,,,,x,x,10:22:00 PM,6:01:00 AM,,,,54_SK_PANP_SVWCONI1
9990,PANP,SK,53.64164,-106.065,54,12:00:00 AM,12:00:00 AM,23,,,,x,x,10:17:00 PM,6:07:00 AM,,,,54_SK_PANP_SVWCONI1
9990,PANP,SK,53.64164,-106.065,54,12:00:00 AM,12:00:00 AM,27,,,,x,x,10:11:00 PM,6:14:00 AM,,,,54_SK_PANP_SVWCONI1
9990,PANP,SK,53.64164,-106.065,54,12:00:00 AM,12:00:00 AM,31,,,,x,x,10:04:00 PM,6:20:00 AM,,,,54_SK_PANP_SVWCONI1
9990,PANP,SK,53.64164,-106.065,54,12:00:00 AM,12:00:00 AM,4,,,,x,x,9:57:00 PM,6:27:00 AM,,,,54_SK_PANP_SVWCONI1
9990,PANP,SK,53.64164,-106.065,54,2014,12:00:00 AM,8,,,,x,x,9:49:00 PM,6:34:00 AM,,,,54_SK_PANP_SVWCONI1
9990,PANP,SK,53.64164,-106.065,54,12:00:00 AM,12:00:00 AM,12,,,,x,x,9:41:00 PM,6:41:00 AM,,,,54_SK_PANP_SVWCONI1
9990,PANP,SK,53.64164,-106.065,54,12:00:00 AM,12:00:00 AM,16,,,,x,x,9:33:00 PM,6:48:00 AM,,,,54_SK_PANP_SVWCONI1
9990,PANP,SK,53.64164,-106.065,54,12:00:00 AM,12:00:00 AM,20,,,,x,x,9:24:00 PM,6:55:00 AM,,,,54_SK_PANP_SVWCONI1
9991,PANP,SK,54.3288,-106.015,54,12:00:00 AM,12:00:00 AM,1,30596,12:00:00 AM,8227,y,y,10:28:00 PM,5:37:00 AM,9:28:00 PM,6:37:00 AM,6,54_SK_PANP_SVWCONI2
9991,PANP,SK,54.3288,-106.015,54,12:00:00 AM,12:00:00 AM,5,30596,22369,8227,y,y,10:33:00 PM,5:34:00 AM,9:33:00 PM,6:34:00 AM,6,54_SK_PANP_SVWCONI2
9991,PANP,SK,54.3288,-106.015,54,12:00:00 AM,12:00:00 AM,9,30595,22369,8226,y,y,10:37:00 PM,5:31:00 AM,9:37:00 PM,6:31:00 AM,7,54_SK_PANP_SVWCONI2
9991,PANP,SK,54.3288,-106.015,54,12:00:00 AM,12:00:00 AM,13,30595,22369,8226,y,y,10:40:00 PM,5:30:00 AM,9:40:00 PM,6:30:00 AM,7,54_SK_PANP_SVWCONI2
9991,PANP,SK,54.3288,-106.015,54,12:00:00 AM,12:00:00 AM,17,30595,12:00:00 AM,8226,n,y,10:42:00 PM,5:30:00 AM,9:42:00 PM,6:30:00 AM,7,54_SK_PANP_SVWCONI2
9991,PANP,SK,54.3288,-106.015,54,12:00:00 AM,12:00:00 AM,21,8227,,8227,n,y,10:43:00 PM,5:30:00 AM,9:43:00 PM,6:30:00 AM,,54_SK_PANP_SVWCONI2
9991,PANP,SK,54.3288,-106.015,54,12:00:00 AM,12:00:00 AM,25,,,,x,x,10:43:00 PM,5:32:00 AM,,,,54_SK_PANP_SVWCONI2
9991,PANP,SK,54.3288,-106.015,54,12:00:00 AM,12:00:00 AM,29,,,,x,x,10:43:00 PM,5:34:00 AM,,,,54_SK_PANP_SVWCONI2
9991,PANP,SK,54.3288,-106.015,54,12:00:00 AM,12:00:00 AM,3,,,,x,x,10:41:00 PM,5:37:00 AM,,,,54_SK_PANP_SVWCONI2
9991,PANP,SK,54.3288,-106.015,54,12:00:00 AM,12:00:00 AM,7,,,,x,x,10:39:00 PM,5:42:00 AM,,,,54_SK_PANP_SVWCONI2
9991,PANP,SK,54.3288,-106.015,54,12:00:00 AM,12:00:00 AM,11,,,,x,x,10:35:00 PM,5:46:00 AM,,,,54_SK_PANP_SVWCONI2
9991,PANP,SK,54.3288,-106.015,54,12:00:00 AM,12:00:00 AM,15,,,,x,x,10:31:00 PM,5:52:00 AM,,,,54_SK_PANP_SVWCONI2
9991,PANP,SK,54.3288,-106.015,54,12:00:00 AM,12:00:00 AM,19,,,,x,x,10:26:00 PM,5:57:00 AM,,,,54_SK_PANP_SVWCONI2
9991,PANP,SK,54.3288,-106.015,54,12:00:00 AM,12:00:00 AM,23,,,,x,x,10:20:00 PM,6:04:00 AM,,,,54_SK_PANP_SVWCONI2
9991,PANP,SK,54.3288,-106.015,54,12:00:00 AM,12:00:00 AM,27,,,,x,x,10:14:00 PM,6:10:00 AM,,,,54_SK_PANP_SVWCONI2
9991,PANP,SK,54.3288,-106.015,54,12:00:00 AM,12:00:00 AM,31,,,,x,x,10:07:00 PM,6:17:00 AM,,,,54_SK_PANP_SVWCONI2
9991,PANP,SK,54.3288,-106.015,54,12:00:00 AM,12:00:00 AM,4,,,,x,x,10:00:00 PM,6:24:00 AM,,,,54_SK_PANP_SVWCONI2
9991,PANP,SK,54.3288,-106.015,54,12:00:00 AM,12:00:00 AM,8,,,,x,x,9:52:00 PM,6:31:00 AM,,,,54_SK_PANP_SVWCONI2
9991,PANP,SK,54.3288,-106.015,54,12:00:00 AM,12:00:00 AM,12,,,,x,x,9:43:00 PM,6:38:00 AM,,,,54_SK_PANP_SVWCONI2
9991,PANP,SK,54.3288,-106.015,54,12:00:00 AM,12:00:00 AM,16,,,,x,x,9:35:00 PM,6:46:00 AM,,,,54_SK_PANP_SVWCONI2
9991,PANP,SK,54.3288,-106.015,54,12:00:00 AM,12:00:00 AM,20,,,,x,x,9:26:00 PM,6:53:00 AM,,,,54_SK_PANP_SVWCONI2
12011,Washagami Lk,ON,46.66433,-80.49844,47,12:00:00 AM,12:00:00 AM,1,,,,x,x,9:09:00 PM,5:32:00 AM,,,,47_ON_WashagamiLk_SM12011
12011,Washagami Lk,ON,46.66433,-80.49844,47,12:00:00 AM,12:00:00 AM,5,,,,x,x,9:12:00 PM,5:30:00 AM,,,,47_ON_WashagamiLk_SM12011
12011,Washagami Lk,ON,46.66433,-80.49844,47,12:00:00 AM,12:00:00 AM,9,37795,33554,4241,y,y,9:15:00 PM,5:29:00 AM,8:15:00 PM,6:29:00 AM,7,47_ON_WashagamiLk_SM12011
12011,Washagami Lk,ON,46.66433,-80.49844,47,12:00:00 AM,12:00:00 AM,13,37795,33554,4241,y,y,9:17:00 PM,5:28:00 AM,8:17:00 PM,6:28:00 AM,8,47_ON_WashagamiLk_SM12011
12011,Washagami Lk,ON,46.66433,-80.49844,47,12:00:00 AM,12:00:00 AM,17,37795,12:00:00 AM,4241,y,y,9:19:00 PM,5:28:00 AM,8:19:00 PM,6:28:00 AM,7,47_ON_WashagamiLk_SM12011
12011,Washagami Lk,ON,46.66433,-80.49844,47,12:00:00 AM,12:00:00 AM,21,37795,12:00:00 AM,4241,y,y,9:20:00 PM,5:29:00 AM,8:20:00 PM,6:29:00 AM,7,47_ON_WashagamiLk_SM12011
12011,Washagami Lk,ON,46.66433,-80.49844,47,12:00:00 AM,12:00:00 AM,25,37795,12:00:00 AM,4241,n,y,9:21:00 PM,5:30:00 AM,8:21:00 PM,6:30:00 AM,7,47_ON_WashagamiLk_SM12011
12011,Washagami Lk,ON,46.66433,-80.49844,47,12:00:00 AM,12:00:00 AM,29,37795,12:00:00 AM,4241,n,y,9:20:00 PM,5:32:00 AM,8:20:00 PM,6:32:00 AM,8,47_ON_WashagamiLk_SM12011
12011,Washagami Lk,ON,46.66433,-80.49844,47,12:00:00 AM,12:00:00 AM,3,37795,33554,4241,n,y,9:20:00 PM,5:35:00 AM,8:20:00 PM,6:35:00 AM,8,47_ON_WashagamiLk_SM12011
12011,Washagami Lk,ON,46.66433,-80.49844,47,12:00:00 AM,12:00:00 AM,7,37795,33554,4241,n,y,9:18:00 PM,5:38:00 AM,8:18:00 PM,6:38:00 AM,7,47_ON_WashagamiLk_SM12011
12011,Washagami Lk,ON,46.66433,-80.49844,47,12:00:00 AM,12:00:00 AM,11,37795,33554,4241,n,y,9:16:00 PM,5:41:00 AM,8:16:00 PM,6:41:00 AM,7,47_ON_WashagamiLk_SM12011
12011,Washagami Lk,ON,46.66433,-80.49844,47,12:00:00 AM,12:00:00 AM,15,37795,33554,4241,n,y,9:13:00 PM,5:45:00 AM,8:13:00 PM,6:45:00 AM,7,47_ON_WashagamiLk_SM12011
12011,Washagami Lk,ON,46.66433,-80.49844,47,12:00:00 AM,12:00:00 AM,19,37795,12:00:00 AM,4241,n,y,9:10:00 PM,5:49:00 AM,8:10:00 PM,6:49:00 AM,7,47_ON_WashagamiLk_SM12011
12011,Washagami Lk,ON,46.66433,-80.49844,47,12:00:00 AM,12:00:00 AM,23,37795,33554,4241,n,y,9:06:00 PM,5:53:00 AM,8:06:00 PM,6:53:00 AM,7,47_ON_WashagamiLk_SM12011
12011,Washagami Lk,ON,46.66433,-80.49844,47,12:00:00 AM,12:00:00 AM,27,37795,33554,4241,n,y,9:01:00 PM,5:58:00 AM,8:01:00 PM,6:58:00 AM,7,47_ON_WashagamiLk_SM12011
12011,Washagami Lk,ON,46.66433,-80.49844,47,12:00:00 AM,12:00:00 AM,31,37796,33554,4242,n,y,8:56:00 PM,6:03:00 AM,7:56:00 PM,7:03:00 AM,6,47_ON_WashagamiLk_SM12011
12011,Washagami Lk,ON,46.66433,-80.49844,47,12:00:00 AM,12:00:00 AM,4,37796,33554,4242,n,y,8:51:00 PM,6:08:00 AM,7:51:00 PM,7:08:00 AM,7,47_ON_WashagamiLk_SM12011
12011,Washagami Lk,ON,46.66433,-80.49844,47,12:00:00 AM,12:00:00 AM,8,37796,12:00:00 AM,4242,n,y,8:45:00 PM,6:13:00 AM,7:45:00 PM,7:13:00 AM,7,47_ON_WashagamiLk_SM12011
12011,Washagami Lk,ON,46.66433,-80.49844,47,12:00:00 AM,12:00:00 AM,12,37797,12:00:00 AM,4243,n,y,8:39:00 PM,6:18:00 AM,7:39:00 PM,7:18:00 AM,6,47_ON_WashagamiLk_SM12011
12011,Washagami Lk,ON,46.66433,-80.49844,47,12:00:00 AM,12:00:00 AM,16,37797,12:00:00 AM,4243,n,y,8:32:00 PM,6:23:00 AM,7:32:00 PM,7:23:00 AM,6,47_ON_WashagamiLk_SM12011
12011,Washagami Lk,ON,46.66433,-80.49844,47,12:00:00 AM,12:00:00 AM,20,37796,12:00:00 AM,4242,n,y,8:25:00 PM,6:29:00 AM,7:25:00 PM,7:29:00 AM,6,47_ON_WashagamiLk_SM12011
12121,Wanless,MB,54.2322,-101.2017,54,12:00:00 AM,12:00:00 AM,1,33594,22369,11225,y,y,10:08:00 PM,5:18:00 AM,9:08:00 PM,6:18:00 AM,8,54_MB_Wanless_SM12121
12121,Wanless,MB,54.2322,-101.2017,54,12:00:00 AM,12:00:00 AM,5,33594,22369,11225,y,y,10:13:00 PM,5:15:00 AM,9:13:00 PM,6:15:00 AM,8,54_MB_Wanless_SM12121
12121,Wanless,MB,54.2322,-101.2017,54,12:00:00 AM,12:00:00 AM,9,33593,22369,11224,y,y,10:17:00 PM,5:13:00 AM,9:17:00 PM,6:13:00 AM,10,54_MB_Wanless_SM12121
12121,Wanless,MB,54.2322,-101.2017,54,12:00:00 AM,12:00:00 AM,13,33594,22369,11225,y,y,10:20:00 PM,5:11:00 AM,9:20:00 PM,6:11:00 AM,9,54_MB_Wanless_SM12121
12121,Wanless,MB,54.2322,-101.2017,54,12:00:00 AM,12:00:00 AM,17,33593,12:00:00 AM,11224,y,y,10:17:00 PM,5:11:00 AM,9:17:00 PM,6:11:00 AM,9,54_MB_Wanless_SM12121
12121,Wanless,MB,54.2322,-101.2017,54,12:00:00 AM,12:00:00 AM,21,33594,12:00:00 AM,11225,y,y,10:23:00 PM,5:12:00 AM,9:23:00 PM,6:12:00 AM,8,54_MB_Wanless_SM12121
12121,Wanless,MB,54.2322,-101.2017,54,12:00:00 AM,12:00:00 AM,25,33594,12:00:00 AM,11225,y,y,10:24:00 PM,5:13:00 AM,9:24:00 PM,6:13:00 AM,9,54_MB_Wanless_SM12121
12121,Wanless,MB,54.2322,-101.2017,54,12:00:00 AM,12:00:00 AM,29,33592,12:00:00 AM,11223,y,y,10:23:00 PM,5:16:00 AM,9:23:00 PM,6:16:00 AM,10,54_MB_Wanless_SM12121
12121,Wanless,MB,54.2322,-101.2017,54,12:00:00 AM,12:00:00 AM,3,33593,22369,11224,y,y,10:21:00 PM,5:19:00 AM,9:21:00 PM,6:19:00 AM,9,54_MB_Wanless_SM12121
12121,Wanless,MB,54.2322,-101.2017,54,12:00:00 AM,12:00:00 AM,7,33594,22369,11225,y,y,10:19:00 PM,5:28:00 AM,9:19:00 PM,6:28:00 AM,8,54_MB_Wanless_SM12121
12121,Wanless,MB,54.2322,-101.2017,54,12:00:00 AM,12:00:00 AM,11,33594,22369,11225,y,y,10:16:00 PM,5:27:00 AM,9:16:00 PM,6:27:00 AM,8,54_MB_Wanless_SM12121
12121,Wanless,MB,54.2322,-101.2017,54,12:00:00 AM,12:00:00 AM,15,33594,22369,11225,y,y,10:11:00 PM,5:33:00 AM,9:11:00 PM,6:33:00 AM,8,54_MB_Wanless_SM12121
12121,Wanless,MB,54.2322,-101.2017,54,12:00:00 AM,12:00:00 AM,19,33594,12:00:00 AM,11225,y,y,10:06:00 PM,5:39:00 AM,9:06:00 PM,6:39:00 AM,9,54_MB_Wanless_SM12121
12121,Wanless,MB,54.2322,-101.2017,54,12:00:00 AM,12:00:00 AM,23,33593,12:00:00 AM,11224,y,y,10:01:00 PM,5:45:00 AM,9:01:00 PM,6:45:00 AM,9,54_MB_Wanless_SM12121
12121,Wanless,MB,54.2322,-101.2017,54,12:00:00 AM,12:00:00 AM,27,,,,x,x,9:54:00 PM,5:51:00 AM,,,,54_MB_Wanless_SM12121
12121,Wanless,MB,54.2322,-101.2017,54,12:00:00 AM,12:00:00 AM,31,,,,x,x,9:47:00 PM,5:58:00 AM,,,,54_MB_Wanless_SM12121
12121,Wanless,MB,54.2322,-101.2017,54,12:00:00 AM,12:00:00 AM,4,,,,x,x,9:40:00 PM,6:05:00 AM,,,,54_MB_Wanless_SM12121
12121,Wanless,MB,54.2322,-101.2017,54,2014,12:00:00 AM,8,,,,x,x,9:32:00 PM,6:12:00 AM,,,,54_MB_Wanless_SM12121
12121,Wanless,MB,54.2322,-101.2017,54,12:00:00 AM,12:00:00 AM,12,,,,x,x,9:24:00 PM,6:19:00 AM,,,,54_MB_Wanless_SM12121
12121,Wanless,MB,54.2322,-101.2017,54,12:00:00 AM,12:00:00 AM,16,,,,x,x,9:15:00 PM,6:27:00 AM,,,,54_MB_Wanless_SM12121
12121,Wanless,MB,54.2322,-101.2017,54,12:00:00 AM,12:00:00 AM,20,,,,x,x,9:06:00 PM,6:34:00 AM,,,,54_MB_Wanless_SM12121
12122,The Pas,MB,53.339274,-100.99586,53,12:00:00 AM,12:00:00 AM,1,33594,22369,11225,y,y,10:02:00 PM,5:23:00 AM,9:02:00 PM,6:23:00 AM,8,53_MB_ThePas_SM12122
12122,The Pas,MB,53.339274,-100.99586,53,12:00:00 AM,12:00:00 AM,5,33594,22369,11225,y,y,10:07:00 PM,5:20:00 AM,9:07:00 PM,6:20:00 AM,8,53_MB_ThePas_SM12122
12122,The Pas,MB,53.339274,-100.99586,53,12:00:00 AM,12:00:00 AM,9,33593,22369,11224,y,y,10:10:00 PM,5:18:00 AM,9:10:00 PM,6:18:00 AM,10,53_MB_ThePas_SM12122
12122,The Pas,MB,53.339274,-100.99586,53,12:00:00 AM,12:00:00 AM,13,33594,22369,11225,y,y,10:13:00 PM,5:16:00 AM,9:13:00 PM,6:16:00 AM,9,53_MB_ThePas_SM12122
12122,The Pas,MB,53.339274,-100.99586,53,12:00:00 AM,12:00:00 AM,17,33593,12:00:00 AM,11224,y,y,10:15:00 PM,5:16:00 AM,9:15:00 PM,6:16:00 AM,9,53_MB_ThePas_SM12122
12122,The Pas,MB,53.339274,-100.99586,53,12:00:00 AM,12:00:00 AM,21,33594,12:00:00 AM,11225,n,y,10:12:00 PM,5:17:00 AM,9:12:00 PM,6:17:00 AM,8,53_MB_ThePas_SM12122
12122,The Pas,MB,53.339274,-100.99586,53,12:00:00 AM,12:00:00 AM,25,33593,12:00:00 AM,11224,n,y,10:17:00 PM,5:18:00 AM,9:17:00 PM,6:18:00 AM,9,53_MB_ThePas_SM12122
12122,The Pas,MB,53.339274,-100.99586,53,12:00:00 AM,12:00:00 AM,29,33592,12:00:00 AM,11223,n,y,10:16:00 PM,5:21:00 AM,9:16:00 PM,6:21:00 AM,10,53_MB_ThePas_SM12122
12122,The Pas,MB,53.339274,-100.99586,53,12:00:00 AM,12:00:00 AM,3,33593,22369,11224,n,y,10:15:00 PM,5:24:00 AM,9:15:00 PM,6:24:00 AM,9,53_MB_ThePas_SM12122
12122,The Pas,MB,53.339274,-100.99586,53,12:00:00 AM,12:00:00 AM,7,33594,22369,11225,n,y,10:13:00 PM,5:27:00 AM,9:13:00 PM,6:27:00 AM,8,53_MB_ThePas_SM12122
12122,The Pas,MB,53.339274,-100.99586,53,12:00:00 AM,12:00:00 AM,11,33594,22369,11225,n,y,10:09:00 PM,5:32:00 AM,9:09:00 PM,6:32:00 AM,8,53_MB_ThePas_SM12122
12122,The Pas,MB,53.339274,-100.99586,53,12:00:00 AM,12:00:00 AM,15,33594,22369,11225,n,y,10:05:00 PM,5:37:00 AM,9:05:00 PM,6:37:00 AM,9,53_MB_ThePas_SM12122
12122,The Pas,MB,53.339274,-100.99586,53,12:00:00 AM,12:00:00 AM,19,33593,12:00:00 AM,11224,n,y,10:01:00 PM,5:43:00 AM,9:01:00 PM,6:43:00 AM,9,53_MB_ThePas_SM12122
12122,The Pas,MB,53.339274,-100.99586,53,12:00:00 AM,12:00:00 AM,23,33593,22369,11224,n,y,9:55:00 PM,5:48:00 AM,8:55:00 PM,6:48:00 AM,9,53_MB_ThePas_SM12122
12122,The Pas,MB,53.339274,-100.99586,53,12:00:00 AM,12:00:00 AM,27,,,,x,x,9:49:00 PM,5:55:00 AM,,,,53_MB_ThePas_SM12122
12122,The Pas,MB,53.339274,-100.99586,53,12:00:00 AM,12:00:00 AM,31,,,,x,x,9:43:00 PM,6:01:00 AM,,,,53_MB_ThePas_SM12122
12122,The Pas,MB,53.339274,-100.99586,53,12:00:00 AM,12:00:00 AM,4,,,,x,x,9:35:00 PM,6:08:00 AM,,,,53_MB_ThePas_SM12122
12122,The Pas,MB,53.339274,-100.99586,53,2014,12:00:00 AM,8,,,,x,x,9:28:00 PM,6:15:00 AM,,,,53_MB_ThePas_SM12122
12122,The Pas,MB,53.339274,-100.99586,53,12:00:00 AM,12:00:00 AM,12,,,,x,x,9:20:00 PM,6:22:00 AM,,,,53_MB_ThePas_SM12122
12122,The Pas,MB,53.339274,-100.99586,53,12:00:00 AM,12:00:00 AM,16,,,,x,x,9:12:00 PM,6:29:00 AM,,,,53_MB_ThePas_SM12122
12122,The Pas,MB,53.339274,-100.99586,53,12:00:00 AM,12:00:00 AM,20,,,,x,x,9:03:00 PM,6:36:00 AM,,,,53_MB_ThePas_SM12122
13482,Washagami Lk,ON,46.69943,-80.48756,47,12:00:00 AM,12:00:00 AM,1,,,,x,x,9:09:00 PM,5:32:00 AM,,,,47_ON_WashagamiLk_SM13842
13482,Washagami Lk,ON,46.69943,-80.48756,47,12:00:00 AM,12:00:00 AM,5,,,,x,x,9:12:00 PM,5:30:00 AM,,,,47_ON_WashagamiLk_SM13842
13482,Washagami Lk,ON,46.69943,-80.48756,47,12:00:00 AM,12:00:00 AM,9,37795,33554,4241,y,y,9:15:00 PM,5:29:00 AM,8:15:00 PM,6:29:00 AM,7,47_ON_WashagamiLk_SM13842
13482,Washagami Lk,ON,46.69943,-80.48756,47,12:00:00 AM,12:00:00 AM,13,37794,33554,4240,y,y,9:17:00 PM,5:28:00 AM,8:17:00 PM,6:28:00 AM,8,47_ON_WashagamiLk_SM13842
13482,Washagami Lk,ON,46.69943,-80.48756,47,12:00:00 AM,12:00:00 AM,17,37795,12:00:00 AM,4241,y,y,9:19:00 PM,5:28:00 AM,8:19:00 PM,6:28:00 AM,7,47_ON_WashagamiLk_SM13842
13482,Washagami Lk,ON,46.69943,-80.48756,47,12:00:00 AM,12:00:00 AM,21,37795,12:00:00 AM,4241,y,y,9:20:00 PM,5:29:00 AM,8:20:00 PM,6:29:00 AM,7,47_ON_WashagamiLk_SM13842
13482,Washagami Lk,ON,46.69943,-80.48756,47,12:00:00 AM,12:00:00 AM,25,37795,12:00:00 AM,4241,y,y,9:21:00 PM,5:30:00 AM,8:21:00 PM,6:30:00 AM,7,47_ON_WashagamiLk_SM13842
13482,Washagami Lk,ON,46.69943,-80.48756,47,12:00:00 AM,12:00:00 AM,29,37794,12:00:00 AM,4240,y,y,9:20:00 PM,5:32:00 AM,8:20:00 PM,6:32:00 AM,8,47_ON_WashagamiLk_SM13842
13482,Washagami Lk,ON,46.69943,-80.48756,47,12:00:00 AM,12:00:00 AM,3,37795,33554,4241,y,y,9:20:00 PM,5:35:00 AM,8:20:00 PM,6:35:00 AM,8,47_ON_WashagamiLk_SM13842
13482,Washagami Lk,ON,46.69943,-80.48756,47,12:00:00 AM,12:00:00 AM,7,37795,33554,4241,y,y,9:18:00 PM,5:38:00 AM,8:18:00 PM,6:38:00 AM,7,47_ON_WashagamiLk_SM13842
13482,Washagami Lk,ON,46.69943,-80.48756,47,12:00:00 AM,12:00:00 AM,11,37795,33554,4241,y,y,9:16:00 PM,5:41:00 AM,8:16:00 PM,6:41:00 AM,7,47_ON_WashagamiLk_SM13842
13482,Washagami Lk,ON,46.69943,-80.48756,47,12:00:00 AM,12:00:00 AM,15,37795,33554,4241,n,y,9:13:00 PM,5:45:00 AM,8:13:00 PM,6:45:00 AM,7,47_ON_WashagamiLk_SM13842
13482,Washagami Lk,ON,46.69943,-80.48756,47,12:00:00 AM,12:00:00 AM,19,37795,12:00:00 AM,4241,n,y,9:10:00 PM,5:49:00 AM,8:10:00 PM,6:49:00 AM,7,47_ON_WashagamiLk_SM13842
13482,Washagami Lk,ON,46.69943,-80.48756,47,12:00:00 AM,12:00:00 AM,23,37795,33554,4241,n,y,9:06:00 PM,5:53:00 AM,8:06:00 PM,6:53:00 AM,7,47_ON_WashagamiLk_SM13842
13482,Washagami Lk,ON,46.69943,-80.48756,47,12:00:00 AM,12:00:00 AM,27,37795,33554,4241,n,y,9:01:00 PM,5:58:00 AM,8:01:00 PM,6:58:00 AM,7,47_ON_WashagamiLk_SM13842
13482,Washagami Lk,ON,46.69943,-80.48756,47,12:00:00 AM,12:00:00 AM,31,37796,33554,4242,n,y,8:56:00 PM,6:03:00 AM,7:56:00 PM,7:03:00 AM,6,47_ON_WashagamiLk_SM13842
13482,Washagami Lk,ON,46.69943,-80.48756,47,12:00:00 AM,12:00:00 AM,4,37796,33554,4242,n,y,8:51:00 PM,6:08:00 AM,7:51:00 PM,7:08:00 AM,7,47_ON_WashagamiLk_SM13842
13482,Washagami Lk,ON,46.69943,-80.48756,47,12:00:00 AM,12:00:00 AM,8,37796,12:00:00 AM,4242,n,y,8:45:00 PM,6:13:00 AM,7:45:00 PM,7:13:00 AM,7,47_ON_WashagamiLk_SM13842
13482,Washagami Lk,ON,46.69943,-80.48756,47,12:00:00 AM,12:00:00 AM,12,37796,12:00:00 AM,4242,n,y,8:39:00 PM,6:18:00 AM,7:39:00 PM,7:18:00 AM,6,47_ON_WashagamiLk_SM13842
13482,Washagami Lk,ON,46.69943,-80.48756,47,12:00:00 AM,12:00:00 AM,16,37796,12:00:00 AM,4242,n,y,8:32:00 PM,6:23:00 AM,7:32:00 PM,7:23:00 AM,6,47_ON_WashagamiLk_SM13842
13482,Washagami Lk,ON,46.69943,-80.48756,47,12:00:00 AM,12:00:00 AM,20,37796,12:00:00 AM,4242,n,y,8:25:00 PM,6:29:00 AM,7:25:00 PM,7:29:00 AM,6,47_ON_WashagamiLk_SM13842
13512,Musselwhite,ON,52.5856,-90.422,52,12:00:00 AM,12:00:00 AM,1,35995,33554,2441,y,y,10:16:00 PM,5:45:00 AM,9:16:00 PM,6:45:00 AM,7,52_ON_MusselwhiteBurn_SM13512
13512,Musselwhite,ON,52.5856,-90.422,52,12:00:00 AM,12:00:00 AM,5,35995,33554,2441,y,y,10:20:00 PM,5:42:00 AM,9:20:00 PM,6:42:00 AM,7,52_ON_MusselwhiteBurn_SM13512
13512,Musselwhite,ON,52.5856,-90.422,52,12:00:00 AM,12:00:00 AM,9,35995,33554,2441,y,y,10:24:00 PM,5:40:00 AM,9:24:00 PM,6:40:00 AM,7,52_ON_MusselwhiteBurn_SM13512
13512,Musselwhite,ON,52.5856,-90.422,52,12:00:00 AM,12:00:00 AM,13,35994,33554,2440,y,y,10:26:00 PM,5:39:00 AM,9:26:00 PM,6:39:00 AM,8,52_ON_MusselwhiteBurn_SM13512
13512,Musselwhite,ON,52.5856,-90.422,52,12:00:00 AM,12:00:00 AM,17,35995,12:00:00 AM,2441,y,y,10:29:00 PM,5:39:00 AM,9:29:00 PM,6:39:00 AM,8,52_ON_MusselwhiteBurn_SM13512
13512,Musselwhite,ON,52.5856,-90.422,52,12:00:00 AM,12:00:00 AM,21,35994,12:00:00 AM,2440,y,y,10:25:00 PM,5:39:00 AM,9:25:00 PM,6:39:00 AM,8,52_ON_MusselwhiteBurn_SM13512
13512,Musselwhite,ON,52.5856,-90.422,52,12:00:00 AM,12:00:00 AM,25,35995,12:00:00 AM,2441,y,y,10:30:00 PM,5:41:00 AM,9:30:00 PM,6:41:00 AM,7,52_ON_MusselwhiteBurn_SM13512
13512,Musselwhite,ON,52.5856,-90.422,52,12:00:00 AM,12:00:00 AM,29,35994,12:00:00 AM,2440,y,y,10:30:00 PM,5:43:00 AM,9:30:00 PM,6:43:00 AM,8,52_ON_MusselwhiteBurn_SM13512
13512,Musselwhite,ON,52.5856,-90.422,52,12:00:00 AM,12:00:00 AM,3,35995,33554,2441,y,y,10:28:00 PM,5:46:00 AM,9:28:00 PM,6:46:00 AM,7,52_ON_MusselwhiteBurn_SM13512
13512,Musselwhite,ON,52.5856,-90.422,52,12:00:00 AM,12:00:00 AM,7,35994,33554,2440,y,y,10:26:00 PM,5:50:00 AM,9:26:00 PM,6:50:00 AM,8,52_ON_MusselwhiteBurn_SM13512
13512,Musselwhite,ON,52.5856,-90.422,52,12:00:00 AM,12:00:00 AM,11,35994,33554,2440,y,y,10:23:00 PM,5:54:00 AM,9:23:00 PM,6:54:00 AM,8,52_ON_MusselwhiteBurn_SM13512
13512,Musselwhite,ON,52.5856,-90.422,52,2014,12:00:00 AM,15,35995,12:00:00 AM,2441,y,y,10:19:00 PM,5:59:00 AM,9:19:00 PM,6:59:00 AM,8,52_ON_MusselwhiteBurn_SM13512
13512,Musselwhite,ON,52.5856,-90.422,52,12:00:00 AM,12:00:00 AM,19,35993,12:00:00 AM,2439,y,y,10:15:00 PM,6:04:00 AM,9:15:00 PM,7:04:00 AM,9,52_ON_MusselwhiteBurn_SM13512
13512,Musselwhite,ON,52.5856,-90.422,52,12:00:00 AM,12:00:00 AM,23,35995,12:00:00 AM,2441,y,y,10:09:00 PM,6:10:00 AM,9:09:00 PM,7:10:00 AM,7,52_ON_MusselwhiteBurn_SM13512
13512,Musselwhite,ON,52.5856,-90.422,52,12:00:00 AM,12:00:00 AM,27,35994,12:00:00 AM,2440,n,y,10:04:00 PM,6:16:00 AM,9:04:00 PM,7:16:00 AM,8,52_ON_MusselwhiteBurn_SM13512
13512,Musselwhite,ON,52.5856,-90.422,52,12:00:00 AM,12:00:00 AM,31,35994,12:00:00 AM,2440,n,y,9:57:00 PM,6:22:00 AM,8:57:00 PM,7:22:00 AM,8,52_ON_MusselwhiteBurn_SM13512
13512,Musselwhite,ON,52.5856,-90.422,52,12:00:00 AM,12:00:00 AM,4,,,,x,x,9:50:00 PM,6:29:00 AM,,,,52_ON_MusselwhiteBurn_SM13512
13512,Musselwhite,ON,52.5856,-90.422,52,12:00:00 AM,12:00:00 AM,8,,,,x,x,9:43:00 PM,6:35:00 AM,,,,52_ON_MusselwhiteBurn_SM13512
13512,Musselwhite,ON,52.5856,-90.422,52,12:00:00 AM,12:00:00 AM,12,,,,x,x,9:35:00 PM,6:42:00 AM,,,,52_ON_MusselwhiteBurn_SM13512
13512,Musselwhite,ON,52.5856,-90.422,52,12:00:00 AM,12:00:00 AM,16,,,,x,x,9:27:00 PM,6:49:00 AM,,,,52_ON_MusselwhiteBurn_SM13512
13512,Musselwhite,ON,52.5856,-90.422,52,12:00:00 AM,12:00:00 AM,20,,,,x,x,9:19:00 PM,6:55:00 AM,,,,52_ON_MusselwhiteBurn_SM13512
13523,Tibbitt Lake,NT,62.53106,-113.38067,63,12:00:00 AM,12:00:00 AM,1,25194,12:00:00 AM,2825,y,y,11:11:00 PM,3:52:00 AM,10:11:00 PM,4:52:00 AM,8,63_NT_TibbittLk_SM7698
13523,Tibbitt Lake,NT,62.53106,-113.38067,63,12:00:00 AM,12:00:00 AM,5,25194,12:00:00 AM,2825,y,y,11:19:00 PM,3:45:00 AM,10:19:00 PM,4:45:00 AM,8,63_NT_TibbittLk_SM7698
13523,Tibbitt Lake,NT,62.53106,-113.38067,63,12:00:00 AM,12:00:00 AM,9,25194,22369,2825,y,y,11:26:00 PM,3:40:00 AM,10:26:00 PM,4:40:00 AM,8,63_NT_TibbittLk_SM7698
13523,Tibbitt Lake,NT,62.53106,-113.38067,63,12:00:00 AM,12:00:00 AM,13,25194,22369,2825,y,y,11:32:00 PM,3:36:00 AM,10:32:00 PM,4:36:00 AM,8,63_NT_TibbittLk_SM7698
13523,Tibbitt Lake,NT,62.53106,-113.38067,63,12:00:00 AM,12:00:00 AM,17,24878,22369,2509,y,y,11:36:00 PM,3:35:00 AM,10:36:00 PM,4:35:00 AM,8,63_NT_TibbittLk_SM7698
13523,Tibbitt Lake,NT,62.53106,-113.38067,63,12:00:00 AM,12:00:00 AM,21,25194,22369,2825,y,y,11:37:00 PM,3:35:00 AM,10:37:00 PM,4:35:00 AM,8,63_NT_TibbittLk_SM7698
13523,Tibbitt Lake,NT,62.53106,-113.38067,63,12:00:00 AM,12:00:00 AM,25,25194,22369,2825,y,y,11:37:00 PM,3:37:00 AM,10:37:00 PM,4:37:00 AM,8,63_NT_TibbittLk_SM7698
13523,Tibbitt Lake,NT,62.53106,-113.38067,63,12:00:00 AM,12:00:00 AM,29,25194,22369,2825,y,y,11:35:00 PM,3:42:00 AM,10:35:00 PM,4:42:00 AM,8,63_NT_TibbittLk_SM7698
13523,Tibbitt Lake,NT,62.53106,-113.38067,63,12:00:00 AM,12:00:00 AM,3,25194,22369,2825,y,y,11:31:00 PM,3:48:00 AM,10:31:00 PM,4:48:00 AM,8,63_NT_TibbittLk_SM7698
13523,Tibbitt Lake,NT,62.53106,-113.38067,63,2014,12:00:00 AM,7,25194,12:00:00 AM,2825,y,y,11:25:00 PM,3:55:00 AM,10:25:00 PM,4:55:00 AM,8,63_NT_TibbittLk_SM7698
13523,Tibbitt Lake,NT,62.53106,-113.38067,63,12:00:00 AM,12:00:00 AM,11,25194,12:00:00 AM,2825,y,y,11:18:00 PM,4:04:00 AM,10:18:00 PM,5:04:00 AM,8,63_NT_TibbittLk_SM7698
13523,Tibbitt Lake,NT,62.53106,-113.38067,63,12:00:00 AM,12:00:00 AM,15,,,,x,x,11:09:00 PM,4:13:00 AM,,,,63_NT_TibbittLk_SM7698
13523,Tibbitt Lake,NT,62.53106,-113.38067,63,12:00:00 AM,12:00:00 AM,19,,,,x,x,11:00:00 PM,4:23:00 AM,,,,63_NT_TibbittLk_SM7698
13523,Tibbitt Lake,NT,62.53106,-113.38067,63,12:00:00 AM,12:00:00 AM,23,,,,x,x,10:50:00 PM,4:34:00 AM,,,,63_NT_TibbittLk_SM7698
13523,Tibbitt Lake,NT,62.53106,-113.38067,63,12:00:00 AM,12:00:00 AM,27,,,,x,x,10:39:00 PM,4:45:00 AM,,,,63_NT_TibbittLk_SM7698
13523,Tibbitt Lake,NT,62.53106,-113.38067,63,12:00:00 AM,12:00:00 AM,31,,,,x,x,10:28:00 PM,4:56:00 AM,,,,63_NT_TibbittLk_SM7698
13523,Tibbitt Lake,NT,62.53106,-113.38067,63,12:00:00 AM,12:00:00 AM,4,,,,x,x,10:16:00 PM,5:08:00 AM,,,,63_NT_TibbittLk_SM7698
13523,Tibbitt Lake,NT,62.53106,-113.38067,63,12:00:00 AM,12:00:00 AM,8,,,,x,x,10:04:00 PM,5:19:00 AM,,,,63_NT_TibbittLk_SM7698
13523,Tibbitt Lake,NT,62.53106,-113.38067,63,12:00:00 AM,12:00:00 AM,12,,,,x,x,9:51:00 PM,5:30:00 AM,,,,63_NT_TibbittLk_SM7698
13523,Tibbitt Lake,NT,62.53106,-113.38067,63,12:00:00 AM,12:00:00 AM,16,,,,x,x,9:39:00 PM,5:41:00 AM,,,,63_NT_TibbittLk_SM7698
13523,Tibbitt Lake,NT,62.53106,-113.38067,63,2014,12:00:00 AM,20,,,,x,x,9:36:00 PM,5:53:00 AM,,,,63_NT_TibbittLk_SM7698
13525,Timmins,ON,48.24088,-81.61131,48,12:00:00 AM,12:00:00 AM,1,,,,x,x,9:19:00 PM,5:30:00 AM,,,,48_ON_TimminsBurn_SM13525
13525,Timmins,ON,48.24088,-81.61131,48,12:00:00 AM,12:00:00 AM,5,,,,x,x,9:23:00 PM,5:28:00 AM,,,,48_ON_TimminsBurn_SM13525
13525,Timmins,ON,48.24088,-81.61131,48,12:00:00 AM,12:00:00 AM,9,37795,12:00:00 AM,4241,y,y,9:26:00 PM,5:27:00 AM,8:26:00 PM,6:27:00 AM,6,48_ON_TimminsBurn_SM13525
13525,Timmins,ON,48.24088,-81.61131,48,12:00:00 AM,12:00:00 AM,13,37795,12:00:00 AM,4241,y,y,9:29:00 PM,5:26:00 AM,8:29:00 PM,6:26:00 AM,7,48_ON_TimminsBurn_SM13525
13525,Timmins,ON,48.24088,-81.61131,48,12:00:00 AM,12:00:00 AM,17,37793,33554,4239,y,y,9:30:00 PM,5:26:00 AM,8:30:00 PM,6:26:00 AM,7,48_ON_TimminsBurn_SM13525
13525,Timmins,ON,48.24088,-81.61131,48,12:00:00 AM,12:00:00 AM,21,37795,33554,4241,y,y,9:31:00 PM,5:27:00 AM,8:31:00 PM,6:27:00 AM,7,48_ON_TimminsBurn_SM13525
13525,Timmins,ON,48.24088,-81.61131,48,12:00:00 AM,12:00:00 AM,25,37795,33554,4241,y,y,9:32:00 PM,5:28:00 AM,8:32:00 PM,6:28:00 AM,7,48_ON_TimminsBurn_SM13525
13525,Timmins,ON,48.24088,-81.61131,48,12:00:00 AM,12:00:00 AM,29,37794,12:00:00 AM,4240,y,y,9:32:00 PM,5:30:00 AM,8:32:00 PM,6:30:00 AM,8,48_ON_TimminsBurn_SM13525
13525,Timmins,ON,48.24088,-81.61131,48,12:00:00 AM,12:00:00 AM,3,37796,12:00:00 AM,4242,y,y,9:31:00 PM,5:32:00 AM,8:31:00 PM,6:32:00 AM,7,48_ON_TimminsBurn_SM13525
13525,Timmins,ON,48.24088,-81.61131,48,12:00:00 AM,12:00:00 AM,7,37795,12:00:00 AM,4241,y,y,9:29:00 PM,5:36:00 AM,8:29:00 PM,6:36:00 AM,7,48_ON_TimminsBurn_SM13525
13525,Timmins,ON,48.24088,-81.61131,48,12:00:00 AM,12:00:00 AM,11,37794,12:00:00 AM,4240,y,y,9:27:00 PM,5:39:00 AM,8:27:00 PM,6:39:00 AM,8,48_ON_TimminsBurn_SM13525
13525,Timmins,ON,48.24088,-81.61131,48,12:00:00 AM,12:00:00 AM,15,37796,33554,4242,y,y,9:24:00 PM,5:43:00 AM,8:24:00 PM,6:43:00 AM,7,48_ON_TimminsBurn_SM13525
13525,Timmins,ON,48.24088,-81.61131,48,12:00:00 AM,12:00:00 AM,19,37796,33554,4242,y,y,9:20:00 PM,5:47:00 AM,8:20:00 PM,6:47:00 AM,7,48_ON_TimminsBurn_SM13525
13525,Timmins,ON,48.24088,-81.61131,48,12:00:00 AM,12:00:00 AM,23,37796,33554,4242,y,y,9:16:00 PM,5:52:00 AM,8:16:00 PM,6:52:00 AM,7,48_ON_TimminsBurn_SM13525
13525,Timmins,ON,48.24088,-81.61131,48,12:00:00 AM,12:00:00 AM,27,37795,33554,4241,n,y,9:11:00 PM,5:57:00 AM,8:11:00 PM,6:57:00 AM,7,48_ON_TimminsBurn_SM13525
13525,Timmins,ON,48.24088,-81.61131,48,12:00:00 AM,12:00:00 AM,31,37795,12:00:00 AM,4241,n,y,9:06:00 PM,6:02:00 AM,8:06:00 PM,7:02:00 AM,6,48_ON_TimminsBurn_SM13525
13525,Timmins,ON,48.24088,-81.61131,48,12:00:00 AM,12:00:00 AM,4,37795,12:00:00 AM,4241,n,y,9:00:00 PM,6:08:00 AM,8:00:00 PM,7:08:00 AM,6,48_ON_TimminsBurn_SM13525
13525,Timmins,ON,48.24088,-81.61131,48,12:00:00 AM,12:00:00 AM,8,37795,33554,4241,n,y,8:54:00 PM,6:13:00 AM,7:54:00 PM,7:13:00 AM,6,48_ON_TimminsBurn_SM13525
13525,Timmins,ON,48.24088,-81.61131,48,12:00:00 AM,12:00:00 AM,12,37796,33554,4242,n,y,8:47:00 PM,6:19:00 AM,7:47:00 PM,7:19:00 AM,5,48_ON_TimminsBurn_SM13525
13525,Timmins,ON,48.24088,-81.61131,48,12:00:00 AM,12:00:00 AM,16,37795,33554,4241,n,y,8:40:00 PM,6:24:00 AM,7:40:00 PM,7:24:00 AM,6,48_ON_TimminsBurn_SM13525
13525,Timmins,ON,48.24088,-81.61131,48,2014,12:00:00 AM,20,37795,12:00:00 AM,4241,n,y,8:33:00 PM,6:30:00 AM,7:33:00 PM,7:30:00 AM,6,48_ON_TimminsBurn_SM13525
13577,The Pas,MB,54.00805,-100.8914,54,12:00:00 AM,12:00:00 AM,1,33595,12:00:00 AM,11226,y,y,10:06:00 PM,5:18:00 AM,9:06:00 PM,6:18:00 AM,7,54_MB_ThePas_SM13577
13577,The Pas,MB,54.00805,-100.8914,54,12:00:00 AM,12:00:00 AM,5,33594,12:00:00 AM,11225,y,y,10:10:00 PM,5:15:00 AM,9:10:00 PM,6:15:00 AM,8,54_MB_ThePas_SM13577
13577,The Pas,MB,54.00805,-100.8914,54,12:00:00 AM,12:00:00 AM,9,,,,x,x,10:14:00 PM,5:13:00 AM,,,,54_MB_ThePas_SM13577
13577,The Pas,MB,54.00805,-100.8914,54,12:00:00 AM,6,13,,,,x,x,10:17:00 PM,5:12:00 AM,,,,54_MB_ThePas_SM13577
13577,The Pas,MB,54.00805,-100.8914,54,12:00:00 AM,12:00:00 AM,17,,,,x,x,10:19:00 PM,5:11:00 AM,,,,54_MB_ThePas_SM13577
13577,The Pas,MB,54.00805,-100.8914,54,12:00:00 AM,12:00:00 AM,21,,,,x,x,10:31:00 PM,5:12:00 AM,,,,54_MB_ThePas_SM13577
13577,The Pas,MB,54.00805,-100.8914,54,12:00:00 AM,12:00:00 AM,25,,,,x,x,10:21:00 PM,5:14:00 AM,,,,54_MB_ThePas_SM13577
13577,The Pas,MB,54.00805,-100.8914,54,12:00:00 AM,12:00:00 AM,29,,,,x,x,10:20:00 PM,5:16:00 AM,,,,54_MB_ThePas_SM13577
13577,The Pas,MB,54.00805,-100.8914,54,12:00:00 AM,12:00:00 AM,3,,,,x,x,10:19:00 PM,5:19:00 AM,,,,54_MB_ThePas_SM13577
13577,The Pas,MB,54.00805,-100.8914,54,12:00:00 AM,12:00:00 AM,7,,,,x,x,10:16:00 PM,5:23:00 AM,,,,54_MB_ThePas_SM13577
13577,The Pas,MB,54.00805,-100.8914,54,12:00:00 AM,12:00:00 AM,11,,,,x,x,10:13:00 PM,5:28:00 AM,,,,54_MB_ThePas_SM13577
13577,The Pas,MB,54.00805,-100.8914,54,12:00:00 AM,12:00:00 AM,15,,,,x,x,10:09:00 PM,5:33:00 AM,,,,54_MB_ThePas_SM13577
13577,The Pas,MB,54.00805,-100.8914,54,12:00:00 AM,12:00:00 AM,19,,,,x,x,10:04:00 PM,5:39:00 AM,,,,54_MB_ThePas_SM13577
13577,The Pas,MB,54.00805,-100.8914,54,12:00:00 AM,12:00:00 AM,23,,,,x,x,9:58:00 PM,5:45:00 AM,,,,54_MB_ThePas_SM13577
13577,The Pas,MB,54.00805,-100.8914,54,12:00:00 AM,12:00:00 AM,27,,,,x,x,9:52:00 PM,5:51:00 AM,,,,54_MB_ThePas_SM13577
13577,The Pas,MB,54.00805,-100.8914,54,12:00:00 AM,12:00:00 AM,31,,,,x,x,9:45:00 PM,5:58:00 AM,,,,54_MB_ThePas_SM13577
13577,The Pas,MB,54.00805,-100.8914,54,12:00:00 AM,12:00:00 AM,4,,,,x,x,9:38:00 PM,6:05:00 AM,,,,54_MB_ThePas_SM13577
13577,The Pas,MB,54.00805,-100.8914,54,12:00:00 AM,12:00:00 AM,8,,,,x,x,9:30:00 PM,6:12:00 AM,,,,54_MB_ThePas_SM13577
13577,The Pas,MB,54.00805,-100.8914,54,12:00:00 AM,12:00:00 AM,12,,,,x,x,9:22:00 PM,6:19:00 AM,,,,54_MB_ThePas_SM13577
13577,The Pas,MB,54.00805,-100.8914,54,12:00:00 AM,12:00:00 AM,16,,,,x,x,9:13:00 PM,6:26:00 AM,,,,54_MB_ThePas_SM13577
13577,The Pas,MB,54.00805,-100.8914,54,12:00:00 AM,12:00:00 AM,20,,,,x,x,9:04:00 PM,6:33:00 AM,,,,54_MB_ThePas_SM13577
13585,Behchoko,NT,62.70237,-116.11487,63,12:00:00 AM,12:00:00 AM,1,2825,,2825,y,y,11:24:00 PM,4:01:00 AM,10:24:00 PM,5:01:00 AM,,63_NT_Behchoko_SM13585
13585,Behchoko,NT,62.70237,-116.11487,63,12:00:00 AM,12:00:00 AM,5,2825,,2825,y,y,11:33:00 PM,3:54:00 AM,10:33:00 PM,4:54:00 AM,,63_NT_Behchoko_SM13585
13585,Behchoko,NT,62.70237,-116.11487,63,12:00:00 AM,12:00:00 AM,9,2825,,2825,y,y,11:40:00 PM,3:48:00 AM,10:40:00 PM,4:48:00 AM,,63_NT_Behchoko_SM13585
13585,Behchoko,NT,62.70237,-116.11487,63,12:00:00 AM,12:00:00 AM,13,25194,22369,2825,y,y,11:46:00 PM,3:45:00 AM,10:46:00 PM,4:45:00 AM,8,63_NT_Behchoko_SM13585
13585,Behchoko,NT,62.70237,-116.11487,63,12:00:00 AM,12:00:00 AM,17,25193,22369,2824,y,y,11:49:00 PM,3:43:00 AM,10:49:00 PM,4:43:00 AM,9,63_NT_Behchoko_SM13585
13585,Behchoko,NT,62.70237,-116.11487,63,12:00:00 AM,12:00:00 AM,21,25193,22369,2824,y,y,11:51:00 PM,3:43:00 AM,10:51:00 PM,4:43:00 AM,9,63_NT_Behchoko_SM13585
13585,Behchoko,NT,62.70237,-116.11487,63,12:00:00 AM,12:00:00 AM,25,25194,22369,2825,y,y,11:51:00 PM,3:46:00 AM,10:51:00 PM,4:46:00 AM,8,63_NT_Behchoko_SM13585
13585,Behchoko,NT,62.70237,-116.11487,63,12:00:00 AM,12:00:00 AM,29,25194,12:00:00 AM,2825,y,y,11:49:00 PM,3:50:00 AM,10:49:00 PM,4:50:00 AM,9,63_NT_Behchoko_SM13585
13585,Behchoko,NT,62.70237,-116.11487,63,12:00:00 AM,12:00:00 AM,3,25194,12:00:00 AM,2825,y,y,11:44:00 PM,3:56:00 AM,10:44:00 PM,4:56:00 AM,9,63_NT_Behchoko_SM13585
13585,Behchoko,NT,62.70237,-116.11487,63,12:00:00 AM,12:00:00 AM,7,25194,12:00:00 AM,2825,y,y,11:38:00 PM,4:04:00 AM,10:38:00 PM,5:04:00 AM,8,63_NT_Behchoko_SM13585
13585,Behchoko,NT,62.70237,-116.11487,63,12:00:00 AM,12:00:00 AM,11,25194,12:00:00 AM,2825,y,y,11:31:00 PM,4:13:00 AM,10:31:00 PM,5:13:00 AM,8,63_NT_Behchoko_SM13585
13585,Behchoko,NT,62.70237,-116.11487,63,12:00:00 AM,12:00:00 AM,15,,,,x,x,11:22:00 PM,4:22:00 AM,,,,63_NT_Behchoko_SM13585
13585,Behchoko,NT,62.70237,-116.11487,63,12:00:00 AM,12:00:00 AM,19,,,,x,x,11:13:00 PM,4:33:00 AM,,,,63_NT_Behchoko_SM13585
13585,Behchoko,NT,62.70237,-116.11487,63,12:00:00 AM,12:00:00 AM,23,,,,x,x,11:02:00 PM,4:44:00 AM,,,,63_NT_Behchoko_SM13585
13585,Behchoko,NT,62.70237,-116.11487,63,12:00:00 AM,12:00:00 AM,27,,,,x,x,10:52:00 PM,4:55:00 AM,,,,63_NT_Behchoko_SM13585
13585,Behchoko,NT,62.70237,-116.11487,63,12:00:00 AM,12:00:00 AM,31,,,,x,x,10:40:00 PM,5:06:00 AM,,,,63_NT_Behchoko_SM13585
13585,Behchoko,NT,62.70237,-116.11487,63,12:00:00 AM,12:00:00 AM,4,,,,x,x,10:28:00 PM,5:18:00 AM,,,,63_NT_Behchoko_SM13585
13585,Behchoko,NT,62.70237,-116.11487,63,12:00:00 AM,12:00:00 AM,8,,,,x,x,10:16:00 PM,5:29:00 AM,,,,63_NT_Behchoko_SM13585
13585,Behchoko,NT,62.70237,-116.11487,63,12:00:00 AM,12:00:00 AM,12,,,,x,x,10:03:00 PM,5:40:00 AM,,,,63_NT_Behchoko_SM13585
13585,Behchoko,NT,62.70237,-116.11487,63,12:00:00 AM,12:00:00 AM,16,,,,x,x,9:51:00 PM,5:52:00 AM,,,,63_NT_Behchoko_SM13585
13585,Behchoko,NT,62.70237,-116.11487,63,2014,12:00:00 AM,20,,,,x,x,9:38:00 PM,6:03:00 AM,,,,63_NT_Behchoko_SM13585
13588,Behchoko,NT,62.73417,-116.07558,63,12:00:00 AM,12:00:00 AM,1,25194,12:00:00 AM,2825,y,y,11:25:00 PM,4:00:00 AM,10:25:00 PM,5:00:00 AM,8,63_NT_Behchoko_SM13588
13588,Behchoko,NT,62.73417,-116.07558,63,12:00:00 AM,12:00:00 AM,5,25194,12:00:00 AM,2825,y,y,11:33:00 PM,3:53:00 AM,10:33:00 PM,4:53:00 AM,8,63_NT_Behchoko_SM13588
13588,Behchoko,NT,62.73417,-116.07558,63,12:00:00 AM,12:00:00 AM,9,25194,12:00:00 AM,2825,y,y,11:40:00 PM,3:47:00 AM,10:40:00 PM,4:47:00 AM,8,63_NT_Behchoko_SM13588
13588,Behchoko,NT,62.73417,-116.07558,63,12:00:00 AM,12:00:00 AM,13,25194,12:00:00 AM,2825,y,y,11:46:00 PM,3:43:00 AM,10:46:00 PM,4:43:00 AM,8,63_NT_Behchoko_SM13588
13588,Behchoko,NT,62.73417,-116.07558,63,12:00:00 AM,12:00:00 AM,17,24876,22369,2507,y,y,11:50:00 PM,3:42:00 AM,10:50:00 PM,4:42:00 AM,6,63_NT_Behchoko_SM13588
13588,Behchoko,NT,62.73417,-116.07558,63,12:00:00 AM,12:00:00 AM,21,25193,22369,2824,y,y,11:52:00 PM,3:42:00 AM,10:52:00 PM,4:42:00 AM,9,63_NT_Behchoko_SM13588
13588,Behchoko,NT,62.73417,-116.07558,63,12:00:00 AM,12:00:00 AM,25,25194,22369,2825,y,y,11:52:00 PM,3:45:00 AM,10:52:00 PM,4:45:00 AM,8,63_NT_Behchoko_SM13588
13588,Behchoko,NT,62.73417,-116.07558,63,12:00:00 AM,12:00:00 AM,29,25194,12:00:00 AM,2825,n,y,11:49:00 PM,3:49:00 AM,10:49:00 PM,4:49:00 AM,9,63_NT_Behchoko_SM13588
13588,Behchoko,NT,62.73417,-116.07558,63,12:00:00 AM,12:00:00 AM,3,25194,12:00:00 AM,2825,n,y,11:45:00 PM,3:55:00 AM,10:45:00 PM,4:55:00 AM,9,63_NT_Behchoko_SM13588
13588,Behchoko,NT,62.73417,-116.07558,63,12:00:00 AM,12:00:00 AM,7,25194,12:00:00 AM,2825,n,y,11:39:00 PM,4:03:00 AM,10:39:00 PM,5:03:00 AM,8,63_NT_Behchoko_SM13588
13588,Behchoko,NT,62.73417,-116.07558,63,12:00:00 AM,12:00:00 AM,11,25194,12:00:00 AM,2825,n,y,11:21:00 PM,4:12:00 AM,10:21:00 PM,5:12:00 AM,8,63_NT_Behchoko_SM13588
13588,Behchoko,NT,62.73417,-116.07558,63,12:00:00 AM,12:00:00 AM,15,,,,x,x,11:23:00 PM,4:21:00 AM,,,,63_NT_Behchoko_SM13588
13588,Behchoko,NT,62.73417,-116.07558,63,12:00:00 AM,12:00:00 AM,19,,,,x,x,11:13:00 PM,4:32:00 AM,,,,63_NT_Behchoko_SM13588
13588,Behchoko,NT,62.73417,-116.07558,63,12:00:00 AM,12:00:00 AM,23,,,,x,x,11:03:00 PM,4:43:00 AM,,,,63_NT_Behchoko_SM13588
13588,Behchoko,NT,62.73417,-116.07558,63,12:00:00 AM,12:00:00 AM,27,,,,x,x,10:52:00 PM,4:54:00 AM,,,,63_NT_Behchoko_SM13588
13588,Behchoko,NT,62.73417,-116.07558,63,12:00:00 AM,12:00:00 AM,31,,,,x,x,10:40:00 PM,5:05:00 AM,,,,63_NT_Behchoko_SM13588
13588,Behchoko,NT,62.73417,-116.07558,63,2014,8,4,,,,x,x,10:28:00 PM,5:17:00 AM,,,,63_NT_Behchoko_SM13588
13588,Behchoko,NT,62.73417,-116.07558,63,2014,8,8,,,,x,x,10:16:00 PM,5:28:00 AM,,,,63_NT_Behchoko_SM13588
13588,Behchoko,NT,62.73417,-116.07558,63,2014,8,12,,,,x,x,10:03:00 PM,5:40:00 AM,,,,63_NT_Behchoko_SM13588
13588,Behchoko,NT,62.73417,-116.07558,63,2014,8,16,,,,x,x,9:51:00 PM,5:51:00 AM,,,,63_NT_Behchoko_SM13588
13588,Behchoko,NT,62.73417,-116.07558,63,2014,8,20,,,,x,x,9:38:00 PM,6:02:00 AM,,,,63_NT_Behchoko_SM13588
